observation_type,observation_category,rows,positives,positive_rate
good_practice,"Поддержание чистоты и порядка, Выполнение требований инструкций, СИЗ / Средства по обеспечению безопасности",1,1,1.0
other,"Выполнение требований инструкций, Целостность объекта / Оборудования",1,1,1.0
other,"СИЗ / Средства по обеспечению безопасности, Земляные работы, Трубопроводы / Подземные коммуникации",1,1,1.0
unsafe_action,"Выполнение требований инструкций, Сварка / Шлифовка / Отжиг, СИЗ / Средства по обеспечению безопасности",1,1,1.0
unsafe_action,"Проскальзывание / Спотыкание / Падение, Опасные природные явления / Погодные условия",1,1,1.0
unsafe_behavior,"Работы в замкнутом пространстве, Выполнение требований инструкций, Наряд-допуск / Оценка риска",1,1,1.0
unsafe_condition,"Работы в замкнутом пространстве, Выполнение требований инструкций",1,1,1.0
unsafe_condition,"Целостность объекта / Оборудования, Переносное оборудование / Ручные инструменты, Электрооборудование",1,1,1.0
danger_factor,"Целостность объекта / Оборудования, Падающие предметы",2,1,0.5
unsafe_action,"Знаки безопасности / Предупредительные таблички, Вывешивание плакатов",2,1,0.5
unsafe_action,"Работы в замкнутом пространстве, Выполнение требований инструкций, СИЗ / Средства по обеспечению безопасности",2,1,0.5
unsafe_behavior,"Поддержание чистоты и порядка, Машины и оборудование",2,1,0.5
good_practice,"Поддержание чистоты и порядка, Вождение",3,1,0.3333333333333333
other,"Работы на высоте / Строительные леса, СИЗ / Средства по обеспечению безопасности",3,1,0.3333333333333333
unsafe_action,"Работы на высоте / Строительные леса, СИЗ / Средства по обеспечению безопасности",3,1,0.3333333333333333
danger_factor,Опасные вещества/сероводород,4,1,0.25
danger_factor,Опасные природные явления / Погодные условия,4,1,0.25
unsafe_behavior,Испытание под давлением,4,1,0.25
unsafe_action,"Вождение, Выполнение требований инструкций, СИЗ / Средства по обеспечению безопасности",5,1,0.2
unsafe_condition,"Целостность объекта / Оборудования, Падающие предметы",5,1,0.2
unsafe_condition,"Электрооборудование, Рабочее место / Эргономика",5,1,0.2
good_practice,"Вождение, Трубопроводы / Подземные коммуникации, Наряд-допуск / Оценка риска",11,2,0.18181818181818182
unsafe_action,"Проскальзывание / Спотыкание / Падение, Выполнение требований инструкций",7,1,0.14285714285714285
unsafe_action,"СИЗ / Средства по обеспечению безопасности, Наряд-допуск / Оценка риска",7,1,0.14285714285714285
unsafe_condition,"Целостность объекта / Оборудования, Выполнение требований инструкций",7,1,0.14285714285714285
unsafe_condition,"Проскальзывание / Спотыкание / Падение, Опасные природные явления / Погодные условия",9,1,0.1111111111111111
good_practice,"Трубопроводы / Подземные коммуникации, Вождение",10,1,0.1
unsafe_condition,"Охрана окружающей среды, Поддержание чистоты и порядка",10,1,0.1
unsafe_behavior,Электрооборудование,12,1,0.08333333333333333
unsafe_behavior,Рабочее место / Эргономика,14,1,0.07142857142857142
unsafe_condition,Испытание под давлением,14,1,0.07142857142857142
good_practice,Санитарно-бытовые помещения,18,1,0.05555555555555555
good_practice,Монтажные и грузоподъемные работы,38,2,0.05263157894736842
good_practice,Вывешивание плакатов,20,1,0.05
unsafe_action,Охрана окружающей среды,21,1,0.047619047619047616
good_practice,"Поддержание чистоты и порядка, Наряд-допуск / Оценка риска",22,1,0.045454545454545456
good_practice,"Наряд-допуск / Оценка риска, Целостность объекта / Оборудования",23,1,0.043478260869565216
unsafe_condition,Аварийное реагирование / Готовность к ЧС,23,1,0.043478260869565216
unsafe_action,Машины и оборудование,75,3,0.04
unsafe_behavior,Взрыво- и пожароопасность,25,1,0.04
danger_factor,Работы на высоте / Строительные леса,29,1,0.034482758620689655
unsafe_condition,Падающие предметы,93,3,0.03225806451612903
unsafe_behavior,Поддержание чистоты и порядка,62,2,0.03225806451612903
unsafe_behavior,Работы на высоте / Строительные леса,32,1,0.03125
unsafe_condition,"Поддержание чистоты и порядка, Охрана окружающей среды",32,1,0.03125
good_practice,Знаки безопасности / Предупредительные таблички,35,1,0.02857142857142857
unsafe_condition,Трубопроводы / Подземные коммуникации,71,2,0.028169014084507043
good_practice,Выполнение требований инструкций,81,2,0.024691358024691357
unsafe_behavior,Прочее,43,1,0.023255813953488372
unsafe_action,Проскальзывание / Спотыкание / Падение,47,1,0.02127659574468085
unsafe_action,Знаки безопасности / Предупредительные таблички,49,1,0.02040816326530612
other,Поддержание чистоты и порядка,50,1,0.02
unsafe_action,Электрооборудование,53,1,0.018867924528301886
good_practice,Прочее,160,3,0.01875
good_practice,"Целостность объекта / Оборудования, Наряд-допуск / Оценка риска",54,1,0.018518518518518517
unsafe_condition,Вождение,55,1,0.01818181818181818
other,Целостность объекта / Оборудования,59,1,0.01694915254237288
unsafe_condition,Знаки безопасности / Предупредительные таблички,62,1,0.016129032258064516
unsafe_behavior,Выполнение требований инструкций,63,1,0.015873015873015872
danger_factor,Электрооборудование,66,1,0.015151515151515152
danger_factor,Целостность объекта / Оборудования,67,1,0.014925373134328358
unsafe_action,Прочее,69,1,0.014492753623188406
unsafe_condition,Электрооборудование,213,3,0.014084507042253521
good_practice,Наряд-допуск / Оценка риска,147,2,0.013605442176870748
unsafe_action,"СИЗ / Средства по обеспечению безопасности, Выполнение требований инструкций",87,1,0.011494252873563218
other,Рабочее место / Эргономика,175,2,0.011428571428571429
unsafe_behavior,СИЗ / Средства по обеспечению безопасности,265,3,0.011320754716981131
unsafe_action,Вождение,90,1,0.011111111111111112
unsafe_condition,Проскальзывание / Спотыкание / Падение,299,3,0.010033444816053512
unsafe_condition,Машины и оборудование,116,1,0.008620689655172414
good_practice,Поддержание чистоты и порядка,137,1,0.0072992700729927005
unsafe_action,СИЗ / Средства по обеспечению безопасности,337,2,0.005934718100890208
unsafe_condition,Рабочее место / Эргономика,184,1,0.005434782608695652
unsafe_condition,Целостность объекта / Оборудования,122,0,0.0
unsafe_condition,Поддержание чистоты и порядка,121,0,0.0
good_practice,Вождение,91,0,0.0
unsafe_action,Выполнение требований инструкций,89,0,0.0
unsafe_condition,СИЗ / Средства по обеспечению безопасности,85,0,0.0
unsafe_condition,Выполнение требований инструкций,81,0,0.0
good_practice,Целостность объекта / Оборудования,80,0,0.0
good_practice,Электрооборудование,80,0,0.0
unsafe_action,Транспортировка,80,0,0.0
good_practice,Охрана окружающей среды,77,0,0.0
danger_factor,Проскальзывание / Спотыкание / Падение,69,0,0.0
good_practice,Трубопроводы / Подземные коммуникации,64,0,0.0
good_practice,СИЗ / Средства по обеспечению безопасности,60,0,0.0
unsafe_action,Поддержание чистоты и порядка,60,0,0.0
other,Электрооборудование,58,0,0.0
unsafe_action,Работы на высоте / Строительные леса,57,0,0.0
unsafe_condition,Охрана окружающей среды,57,0,0.0
good_practice,Рабочее место / Эргономика,56,0,0.0
unsafe_condition,Взрыво- и пожароопасность,51,0,0.0
danger_factor,СИЗ / Средства по обеспечению безопасности,50,0,0.0
unsafe_behavior,Вождение,50,0,0.0
good_practice,Транспортировка,48,0,0.0
unsafe_action,Монтажные и грузоподъемные работы,47,0,0.0
other,Проскальзывание / Спотыкание / Падение,45,0,0.0
danger_factor,Машины и оборудование,42,0,0.0
other,СИЗ / Средства по обеспечению безопасности,40,0,0.0
unsafe_action,Сварка / Шлифовка / Отжиг,38,0,0.0
unsafe_condition,Прочее,37,0,0.0
unsafe_condition,Санитарно-бытовые помещения,35,0,0.0
danger_factor,Выполнение требований инструкций,34,0,0.0
other,Прочее,34,0,0.0
other,Санитарно-бытовые помещения,34,0,0.0
danger_factor,Монтажные и грузоподъемные работы,33,0,0.0
good_practice,Аварийное реагирование / Готовность к ЧС,33,0,0.0
good_practice,"Трубопроводы / Подземные коммуникации, Наряд-допуск / Оценка риска",33,0,0.0
unsafe_behavior,"Вывешивание плакатов, Знаки безопасности / Предупредительные таблички",33,0,0.0
unsafe_condition,Транспортировка,33,0,0.0
unsafe_action,Взрыво- и пожароопасность,32,0,0.0
good_practice,Машины и оборудование,30,0,0.0
unsafe_behavior,Знаки безопасности / Предупредительные таблички,29,0,0.0
unsafe_behavior,Проскальзывание / Спотыкание / Падение,29,0,0.0
good_practice,Работы на высоте / Строительные леса,28,0,0.0
unsafe_action,Рабочее место / Эргономика,28,0,0.0
unsafe_behavior,Машины и оборудование,28,0,0.0
unsafe_condition,"Проскальзывание / Спотыкание / Падение, Рабочее место / Эргономика",28,0,0.0
other,Выполнение требований инструкций,27,0,0.0
unsafe_action,Переносное оборудование / Ручные инструменты,27,0,0.0
unsafe_action,Целостность объекта / Оборудования,27,0,0.0
unsafe_condition,Опасные природные явления / Погодные условия,27,0,0.0
unsafe_condition,Переносное оборудование / Ручные инструменты,27,0,0.0
unsafe_action,Вывешивание плакатов,26,0,0.0
unsafe_action,"Знаки безопасности / Предупредительные таблички, Выполнение требований инструкций",26,0,0.0
unsafe_behavior,"СИЗ / Средства по обеспечению безопасности, Выполнение требований инструкций",26,0,0.0
other,Машины и оборудование,25,0,0.0
other,Работы на высоте / Строительные леса,24,0,0.0
danger_factor,Знаки безопасности / Предупредительные таблички,22,0,0.0
danger_factor,Падающие предметы,22,0,0.0
unsafe_action,Земляные работы,22,0,0.0
unsafe_action,Трубопроводы / Подземные коммуникации,22,0,0.0
unsafe_behavior,Транспортировка,22,0,0.0
unsafe_condition,"Электрооборудование, Целостность объекта / Оборудования",22,0,0.0
danger_factor,Взрыво- и пожароопасность,21,0,0.0
other,Знаки безопасности / Предупредительные таблички,21,0,0.0
other,Транспортировка,21,0,0.0
unsafe_action,"Выполнение требований инструкций, СИЗ / Средства по обеспечению безопасности",20,0,0.0
unsafe_behavior,Монтажные и грузоподъемные работы,20,0,0.0
unsafe_condition,Земляные работы,20,0,0.0
unsafe_condition,Работы на высоте / Строительные леса,20,0,0.0
good_practice,Сварка / Шлифовка / Отжиг,19,0,0.0
other,Падающие предметы,19,0,0.0
danger_factor,Земляные работы,18,0,0.0
other,Взрыво- и пожароопасность,18,0,0.0
other,Охрана окружающей среды,18,0,0.0
unsafe_behavior,Сварка / Шлифовка / Отжиг,18,0,0.0
good_practice,"Вождение, Трубопроводы / Подземные коммуникации",17,0,0.0
good_practice,Земляные работы,17,0,0.0
unsafe_behavior,Земляные работы,17,0,0.0
unsafe_condition,Сварка / Шлифовка / Отжиг,17,0,0.0
danger_factor,Охрана окружающей среды,16,0,0.0
danger_factor,Сварка / Шлифовка / Отжиг,16,0,0.0
other,Опасные природные явления / Погодные условия,16,0,0.0
unsafe_action,Наряд-допуск / Оценка риска,16,0,0.0
unsafe_condition,"СИЗ / Средства по обеспечению безопасности, Выполнение требований инструкций",16,0,0.0
danger_factor,Вождение,15,0,0.0
danger_factor,Испытание под давлением,15,0,0.0
other,Вывешивание плакатов,15,0,0.0
unsafe_action,"Взрыво- и пожароопасность, Выполнение требований инструкций",15,0,0.0
unsafe_behavior,Наряд-допуск / Оценка риска,15,0,0.0
unsafe_behavior,"Поддержание чистоты и порядка, Охрана окружающей среды",15,0,0.0
unsafe_condition,Вывешивание плакатов,15,0,0.0
unsafe_condition,"Выполнение требований инструкций, Поддержание чистоты и порядка",15,0,0.0
danger_factor,Поддержание чистоты и порядка,14,0,0.0
danger_factor,Трубопроводы / Подземные коммуникации,14,0,0.0
other,Земляные работы,14,0,0.0
other,Монтажные и грузоподъемные работы,14,0,0.0
unsafe_action,"Вывешивание плакатов, Знаки безопасности / Предупредительные таблички",14,0,0.0
unsafe_condition,Монтажные и грузоподъемные работы,14,0,0.0
danger_factor,Прочее,13,0,0.0
danger_factor,Транспортировка,13,0,0.0
good_practice,Проскальзывание / Спотыкание / Падение,13,0,0.0
unsafe_action,Перемещение грузов вручную,13,0,0.0
unsafe_condition,"Электрооборудование, Выполнение требований инструкций",13,0,0.0
good_practice,"Вывешивание плакатов, Вождение",12,0,0.0
good_practice,"Наряд-допуск / Оценка риска, Трубопроводы / Подземные коммуникации",12,0,0.0
unsafe_action,"Наряд-допуск / Оценка риска, Выполнение требований инструкций",12,0,0.0
good_practice,"Поддержание чистоты и порядка, Охрана окружающей среды",11,0,0.0
other,Вождение,11,0,0.0
unsafe_action,Падающие предметы,11,0,0.0
unsafe_behavior,Вывешивание плакатов,11,0,0.0
unsafe_condition,"Проскальзывание / Спотыкание / Падение, Падающие предметы",11,0,0.0
good_practice,"Вождение, Наряд-допуск / Оценка риска, Трубопроводы / Подземные коммуникации",10,0,0.0
good_practice,Опасные природные явления / Погодные условия,10,0,0.0
good_practice,Перемещение грузов вручную,10,0,0.0
good_practice,"Трубопроводы / Подземные коммуникации, Наряд-допуск / Оценка риска, Вождение",10,0,0.0
other,Трубопроводы / Подземные коммуникации,10,0,0.0
unsafe_behavior,Охрана окружающей среды,10,0,0.0
unsafe_behavior,Перемещение грузов вручную,10,0,0.0
unsafe_behavior,Трубопроводы / Подземные коммуникации,10,0,0.0
unsafe_condition,"Выполнение требований инструкций, Аварийное реагирование / Готовность к ЧС, Рабочее место / Эргономика, Монтажные и грузоподъемные работы",10,0,0.0
good_practice,Взрыво- и пожароопасность,9,0,0.0
other,Аварийное реагирование / Готовность к ЧС,9,0,0.0
unsafe_action,Испытание под давлением,9,0,0.0
unsafe_action,"Работы в замкнутом пространстве, Наряд-допуск / Оценка риска",9,0,0.0
unsafe_condition,"Выполнение требований инструкций, Рабочее место / Эргономика, Переносное оборудование / Ручные инструменты, Целостность объекта / Оборудования",9,0,0.0
unsafe_condition,"Проскальзывание / Спотыкание / Падение, Поддержание чистоты и порядка",9,0,0.0
unsafe_condition,"Проскальзывание / Спотыкание / Падение, Целостность объекта / Оборудования",9,0,0.0
unsafe_condition,"Целостность объекта / Оборудования, Проскальзывание / Спотыкание / Падение",9,0,0.0
danger_factor,Рабочее место / Эргономика,8,0,0.0
good_practice,"Охрана окружающей среды, Наряд-допуск / Оценка риска",8,0,0.0
other,Перемещение грузов вручную,8,0,0.0
unsafe_action,Санитарно-бытовые помещения,8,0,0.0
unsafe_behavior,"Взрыво- и пожароопасность, Выполнение требований инструкций",8,0,0.0
unsafe_behavior,"Машины и оборудование, Поддержание чистоты и порядка",8,0,0.0
unsafe_behavior,Падающие предметы,8,0,0.0
unsafe_behavior,Переносное оборудование / Ручные инструменты,8,0,0.0
unsafe_behavior,Целостность объекта / Оборудования,8,0,0.0
unsafe_condition,"Выполнение требований инструкций, Проскальзывание / Спотыкание / Падение",8,0,0.0
unsafe_condition,"Выполнение требований инструкций, СИЗ / Средства по обеспечению безопасности",8,0,0.0
unsafe_condition,"Машины и оборудование, Целостность объекта / Оборудования",8,0,0.0
unsafe_condition,"Переносное оборудование / Ручные инструменты, Выполнение требований инструкций",8,0,0.0
other,Наряд-допуск / Оценка риска,7,0,0.0
other,Переносное оборудование / Ручные инструменты,7,0,0.0
other,Сварка / Шлифовка / Отжиг,7,0,0.0
unsafe_action,Аварийное реагирование / Готовность к ЧС,7,0,0.0
unsafe_action,"Взрыво- и пожароопасность, Знаки безопасности / Предупредительные таблички, Выполнение требований инструкций",7,0,0.0
unsafe_action,"Охрана окружающей среды, Поддержание чистоты и порядка",7,0,0.0
unsafe_action,"Поддержание чистоты и порядка, Охрана окружающей среды",7,0,0.0
unsafe_behavior,"Вождение, Выполнение требований инструкций",7,0,0.0
unsafe_behavior,"Охрана окружающей среды, Поддержание чистоты и порядка",7,0,0.0
unsafe_behavior,Работы в замкнутом пространстве,7,0,0.0
unsafe_condition,"Выполнение требований инструкций, Переносное оборудование / Ручные инструменты, Рабочее место / Эргономика, Целостность объекта / Оборудования",7,0,0.0
unsafe_condition,Перемещение грузов вручную,7,0,0.0
unsafe_condition,"Поддержание чистоты и порядка, Проскальзывание / Спотыкание / Падение",7,0,0.0
unsafe_condition,"Поддержание чистоты и порядка, Рабочее место / Эргономика",7,0,0.0
unsafe_condition,"Рабочее место / Эргономика, Электрооборудование",7,0,0.0
danger_factor,Вывешивание плакатов,6,0,0.0
danger_factor,Санитарно-бытовые помещения,6,0,0.0
good_practice,"Вождение, Поддержание чистоты и порядка",6,0,0.0
good_practice,"Трубопроводы / Подземные коммуникации, Вождение, Наряд-допуск / Оценка риска",6,0,0.0
other,"Выполнение требований инструкций, Наряд-допуск / Оценка риска",6,0,0.0
other,Испытание под давлением,6,0,0.0
other,"Машины и оборудование, Выполнение требований инструкций, Целостность объекта / Оборудования, Переносное оборудование / Ручные инструменты",6,0,0.0
unsafe_action,"Выполнение требований инструкций, Наряд-допуск / Оценка риска",6,0,0.0
unsafe_action,"Знаки безопасности / Предупредительные таблички, Вождение, Выполнение требований инструкций",6,0,0.0
unsafe_action,"Знаки безопасности / Предупредительные таблички, Поддержание чистоты и порядка",6,0,0.0
unsafe_behavior,"Выполнение требований инструкций, СИЗ / Средства по обеспечению безопасности",6,0,0.0
unsafe_condition,"Вывешивание плакатов, Знаки безопасности / Предупредительные таблички",6,0,0.0
unsafe_condition,"Знаки безопасности / Предупредительные таблички, Выполнение требований инструкций",6,0,0.0
unsafe_condition,"Поддержание чистоты и порядка, Выполнение требований инструкций",6,0,0.0
unsafe_condition,Работы в замкнутом пространстве,6,0,0.0
unsafe_condition,"Рабочее место / Эргономика, Проскальзывание / Спотыкание / Падение",6,0,0.0
unsafe_condition,"Трубопроводы / Подземные коммуникации, Машины и оборудование",6,0,0.0
unsafe_condition,"Электрооборудование, Машины и оборудование",6,0,0.0
danger_factor,"Работы на высоте / Строительные леса, Выполнение требований инструкций",5,0,0.0
good_practice,"Вывешивание плакатов, Знаки безопасности / Предупредительные таблички",5,0,0.0
good_practice,"Знаки безопасности / Предупредительные таблички, Поддержание чистоты и порядка",5,0,0.0
good_practice,"Наряд-допуск / Оценка риска, Санитарно-бытовые помещения",5,0,0.0
good_practice,Переносное оборудование / Ручные инструменты,5,0,0.0
good_practice,"Поддержание чистоты и порядка, Выполнение требований инструкций",5,0,0.0
good_practice,"СИЗ / Средства по обеспечению безопасности, Выполнение требований инструкций",5,0,0.0
other,Работы в замкнутом пространстве,5,0,0.0
unsafe_action,"Вождение, Выполнение требований инструкций",5,0,0.0
unsafe_action,"Вождение, Выполнение требований инструкций, Знаки безопасности / Предупредительные таблички",5,0,0.0
unsafe_action,"Вывешивание плакатов, Знаки безопасности / Предупредительные таблички, Взрыво- и пожароопасность, Выполнение требований инструкций",5,0,0.0
unsafe_action,"Выполнение требований инструкций, Взрыво- и пожароопасность",5,0,0.0
unsafe_action,"Выполнение требований инструкций, Знаки безопасности / Предупредительные таблички",5,0,0.0
unsafe_action,Работы в замкнутом пространстве,5,0,0.0
unsafe_action,"Работы на высоте / Строительные леса, Выполнение требований инструкций",5,0,0.0
unsafe_action,"СИЗ / Средства по обеспечению безопасности, Наряд-допуск / Оценка риска, Выполнение требований инструкций",5,0,0.0
unsafe_behavior,"СИЗ / Средства по обеспечению безопасности, Поддержание чистоты и порядка, Охрана окружающей среды",5,0,0.0
unsafe_condition,"Выполнение требований инструкций, Рабочее место / Эргономика",5,0,0.0
unsafe_condition,"Падающие предметы, Проскальзывание / Спотыкание / Падение",5,0,0.0
unsafe_condition,"Проскальзывание / Спотыкание / Падение, Электрооборудование",5,0,0.0
unsafe_condition,"Рабочее место / Эргономика, Поддержание чистоты и порядка",5,0,0.0
danger_factor,Аварийное реагирование / Готовность к ЧС,4,0,0.0
danger_factor,Переносное оборудование / Ручные инструменты,4,0,0.0
danger_factor,"Поддержание чистоты и порядка, Охрана окружающей среды",4,0,0.0
danger_factor,"Трубопроводы / Подземные коммуникации, Испытание под давлением",4,0,0.0
good_practice,"Знаки безопасности / Предупредительные таблички, Машины и оборудование",4,0,0.0
good_practice,Испытание под давлением,4,0,0.0
good_practice,"Охрана окружающей среды, Поддержание чистоты и порядка",4,0,0.0
good_practice,"Поддержание чистоты и порядка, Рабочее место / Эргономика",4,0,0.0
good_practice,"Работы на высоте / Строительные леса, Монтажные и грузоподъемные работы",4,0,0.0
good_practice,"Санитарно-бытовые помещения, Поддержание чистоты и порядка",4,0,0.0
unsafe_action,"Взрыво- и пожароопасность, Сварка / Шлифовка / Отжиг",4,0,0.0
unsafe_action,"Выполнение требований инструкций, Взрыво- и пожароопасность, Знаки безопасности / Предупредительные таблички",4,0,0.0
unsafe_action,"Выполнение требований инструкций, Вождение",4,0,0.0
unsafe_action,"Машины и оборудование, Вождение",4,0,0.0
unsafe_action,"Охрана окружающей среды, Поддержание чистоты и порядка, Проскальзывание / Спотыкание / Падение",4,0,0.0
unsafe_action,"Поддержание чистоты и порядка, Машины и оборудование",4,0,0.0
unsafe_action,"Поддержание чистоты и порядка, Охрана окружающей среды, Проскальзывание / Спотыкание / Падение",4,0,0.0
unsafe_action,"Проскальзывание / Спотыкание / Падение, Работы на высоте / Строительные леса",4,0,0.0
unsafe_behavior,"Взрыво- и пожароопасность, Электрооборудование",4,0,0.0
unsafe_behavior,"Рабочее место / Эргономика, Выполнение требований инструкций",4,0,0.0
unsafe_behavior,"СИЗ / Средства по обеспечению безопасности, Работы на высоте / Строительные леса",4,0,0.0
unsafe_behavior,"Сварка / Шлифовка / Отжиг, СИЗ / Средства по обеспечению безопасности",4,0,0.0
unsafe_behavior,"Транспортировка, Вождение",4,0,0.0
unsafe_condition,"Выполнение требований инструкций, Рабочее место / Эргономика, Переносное оборудование / Ручные инструменты",4,0,0.0
unsafe_condition,"Выполнение требований инструкций, Целостность объекта / Оборудования",4,0,0.0
unsafe_condition,"Машины и оборудование, Вождение",4,0,0.0
unsafe_condition,"Машины и оборудование, Выполнение требований инструкций",4,0,0.0
unsafe_condition,"Монтажные и грузоподъемные работы, Выполнение требований инструкций",4,0,0.0
unsafe_condition,"Поддержание чистоты и порядка, Машины и оборудование",4,0,0.0
unsafe_condition,"Поддержание чистоты и порядка, Санитарно-бытовые помещения",4,0,0.0
unsafe_condition,"Работы на высоте / Строительные леса, Выполнение требований инструкций",4,0,0.0
unsafe_condition,"Сварка / Шлифовка / Отжиг, Выполнение требований инструкций",4,0,0.0
unsafe_condition,"Трубопроводы / Подземные коммуникации, Проскальзывание / Спотыкание / Падение",4,0,0.0
unsafe_condition,"Целостность объекта / Оборудования, Рабочее место / Эргономика",4,0,0.0
unsafe_condition,"Целостность объекта / Оборудования, Трубопроводы / Подземные коммуникации",4,0,0.0
unsafe_condition,"Целостность объекта / Оборудования, Электрооборудование",4,0,0.0
danger_factor,Работы в замкнутом пространстве,3,0,0.0
danger_factor,"Целостность объекта / Оборудования, Проскальзывание / Спотыкание / Падение",3,0,0.0
good_practice,"Вождение, Транспортировка",3,0,0.0
good_practice,"Выполнение требований инструкций, Знаки безопасности / Предупредительные таблички",3,0,0.0
good_practice,"Выполнение требований инструкций, Наряд-допуск / Оценка риска",3,0,0.0
good_practice,"Выполнение требований инструкций, Рабочее место / Эргономика",3,0,0.0
good_practice,"Знаки безопасности / Предупредительные таблички, СИЗ / Средства по обеспечению безопасности",3,0,0.0
good_practice,"Наряд-допуск / Оценка риска, Поддержание чистоты и порядка",3,0,0.0
good_practice,Опасные вещества/сероводород,3,0,0.0
good_practice,"Поддержание чистоты и порядка, Санитарно-бытовые помещения",3,0,0.0
good_practice,"Сварка / Шлифовка / Отжиг, СИЗ / Средства по обеспечению безопасности",3,0,0.0
good_practice,"Транспортировка, Взрыво- и пожароопасность, Знаки безопасности / Предупредительные таблички, Аварийное реагирование / Готовность к ЧС, Трубопроводы / Подземные коммуникации, Поддержание чистоты и порядка, Охрана окружающей среды, Монтажные и грузоподъемные работы, Электрооборудование, Выполнение требований инструкций",3,0,0.0
good_practice,"Транспортировка, Вождение",3,0,0.0
good_practice,"Целостность объекта / Оборудования, Поддержание чистоты и порядка",3,0,0.0
other,"Вождение, Транспортировка",3,0,0.0
other,"Вывешивание плакатов, Знаки безопасности / Предупредительные таблички",3,0,0.0
other,Ионизирующее излучение,3,0,0.0
other,"Поддержание чистоты и порядка, Охрана окружающей среды",3,0,0.0
other,"Рабочее место / Эргономика, Проскальзывание / Спотыкание / Падение",3,0,0.0
other,"СИЗ / Средства по обеспечению безопасности, Выполнение требований инструкций",3,0,0.0
other,"Целостность объекта / Оборудования, Рабочее место / Эргономика",3,0,0.0
unsafe_action,"Взрыво- и пожароопасность, Выполнение требований инструкций, Знаки безопасности / Предупредительные таблички",3,0,0.0
unsafe_action,"Взрыво- и пожароопасность, Электрооборудование",3,0,0.0
unsafe_action,"Вождение, Машины и оборудование",3,0,0.0
unsafe_action,"Вывешивание плакатов, Поддержание чистоты и порядка",3,0,0.0
unsafe_action,"Выполнение требований инструкций, Аварийное реагирование / Готовность к ЧС, Рабочее место / Эргономика, Монтажные и грузоподъемные работы",3,0,0.0
unsafe_action,"Выполнение требований инструкций, Машины и оборудование",3,0,0.0
unsafe_action,"Выполнение требований инструкций, Монтажные и грузоподъемные работы",3,0,0.0
unsafe_action,"Знаки безопасности / Предупредительные таблички, Взрыво- и пожароопасность, Выполнение требований инструкций",3,0,0.0
unsafe_action,"Знаки безопасности / Предупредительные таблички, Вывешивание плакатов, Выполнение требований инструкций",3,0,0.0
unsafe_action,"Знаки безопасности / Предупредительные таблички, Выполнение требований инструкций, Вождение",3,0,0.0
unsafe_action,"Знаки безопасности / Предупредительные таблички, СИЗ / Средства по обеспечению безопасности, Наряд-допуск / Оценка риска, Выполнение требований инструкций",3,0,0.0
unsafe_action,"Машины и оборудование, Поддержание чистоты и порядка",3,0,0.0
unsafe_action,"Монтажные и грузоподъемные работы, Выполнение требований инструкций",3,0,0.0
unsafe_action,"Наряд-допуск / Оценка риска, Переносное оборудование / Ручные инструменты",3,0,0.0
unsafe_action,"Поддержание чистоты и порядка, Охрана окружающей среды, Монтажные и грузоподъемные работы",3,0,0.0
unsafe_action,"Работы на высоте / Строительные леса, Падающие предметы",3,0,0.0
unsafe_action,"Работы на высоте / Строительные леса, СИЗ / Средства по обеспечению безопасности, Проскальзывание / Спотыкание / Падение",3,0,0.0
unsafe_action,"СИЗ / Средства по обеспечению безопасности, Вождение, Выполнение требований инструкций",3,0,0.0
unsafe_action,"СИЗ / Средства по обеспечению безопасности, Поддержание чистоты и порядка",3,0,0.0
unsafe_action,"СИЗ / Средства по обеспечению безопасности, Работы на высоте / Строительные леса",3,0,0.0
unsafe_action,"Транспортировка, Взрыво- и пожароопасность",3,0,0.0
unsafe_action,"Транспортировка, Машины и оборудование",3,0,0.0
unsafe_behavior,"Выполнение требований инструкций, Вождение",3,0,0.0
unsafe_behavior,"Выполнение требований инструкций, Поддержание чистоты и порядка",3,0,0.0
unsafe_behavior,"Машины и оборудование, Выполнение требований инструкций",3,0,0.0
unsafe_behavior,"Наряд-допуск / Оценка риска, Выполнение требований инструкций",3,0,0.0
unsafe_behavior,"Поддержание чистоты и порядка, Рабочее место / Эргономика",3,0,0.0
unsafe_behavior,"СИЗ / Средства по обеспечению безопасности, Наряд-допуск / Оценка риска",3,0,0.0
unsafe_condition,"Аварийное реагирование / Готовность к ЧС, Выполнение требований инструкций, Рабочее место / Эргономика, Монтажные и грузоподъемные работы",3,0,0.0
unsafe_condition,"Взрыво- и пожароопасность, Выполнение требований инструкций",3,0,0.0
unsafe_condition,"Вождение, Машины и оборудование",3,0,0.0
unsafe_condition,"Выполнение требований инструкций, Переносное оборудование / Ручные инструменты",3,0,0.0
unsafe_condition,"Выполнение требований инструкций, Переносное оборудование / Ручные инструменты, Целостность объекта / Оборудования",3,0,0.0
unsafe_condition,"Выполнение требований инструкций, Переносное оборудование / Ручные инструменты, Целостность объекта / Оборудования, Рабочее место / Эргономика",3,0,0.0
unsafe_condition,"Выполнение требований инструкций, Электрооборудование",3,0,0.0
unsafe_condition,"Знаки безопасности / Предупредительные таблички, Падающие предметы",3,0,0.0
unsafe_condition,"Машины и оборудование, Трубопроводы / Подземные коммуникации",3,0,0.0
unsafe_condition,"Опасные природные явления / Погодные условия, Проскальзывание / Спотыкание / Падение",3,0,0.0
unsafe_condition,"Поддержание чистоты и порядка, Взрыво- и пожароопасность",3,0,0.0
unsafe_condition,"Проскальзывание / Спотыкание / Падение, Выполнение требований инструкций",3,0,0.0
unsafe_condition,"Рабочее место / Эргономика, Санитарно-бытовые помещения",3,0,0.0
unsafe_condition,"Санитарно-бытовые помещения, Рабочее место / Эргономика",3,0,0.0
unsafe_condition,"Сварка / Шлифовка / Отжиг, Взрыво- и пожароопасность",3,0,0.0
unsafe_condition,"Транспортировка, Вождение",3,0,0.0
unsafe_condition,"Трубопроводы / Подземные коммуникации, Целостность объекта / Оборудования",3,0,0.0
unsafe_condition,"Электрооборудование, Поддержание чистоты и порядка",3,0,0.0
unsafe_condition,"Электрооборудование, Санитарно-бытовые помещения",3,0,0.0
danger_factor,"Вывешивание плакатов, Знаки безопасности / Предупредительные таблички, Охрана окружающей среды, Поддержание чистоты и порядка, Электрооборудование, Выполнение требований инструкций, Переносное оборудование / Ручные инструменты, СИЗ / Средства по обеспечению безопасности, Наряд-допуск / Оценка риска, Проскальзывание / Спотыкание / Падение",2,0,0.0
danger_factor,Ионизирующее излучение,2,0,0.0
danger_factor,"Машины и оборудование, Перемещение грузов вручную",2,0,0.0
danger_factor,Наряд-допуск / Оценка риска,2,0,0.0
danger_factor,"Проскальзывание / Спотыкание / Падение, Выполнение требований инструкций",2,0,0.0
danger_factor,"Работы на высоте / Строительные леса, СИЗ / Средства по обеспечению безопасности",2,0,0.0
danger_factor,"Рабочее место / Эргономика, Работы на высоте / Строительные леса",2,0,0.0
danger_factor,"Транспортировка, Вождение",2,0,0.0
good_practice,"Вождение, Выполнение требований инструкций",2,0,0.0
good_practice,"Вождение, Наряд-допуск / Оценка риска",2,0,0.0
good_practice,"Вывешивание плакатов, СИЗ / Средства по обеспечению безопасности",2,0,0.0
good_practice,"Вывешивание плакатов, Электрооборудование",2,0,0.0
good_practice,"Выполнение требований инструкций, Поддержание чистоты и порядка",2,0,0.0
good_practice,"Знаки безопасности / Предупредительные таблички, Аварийное реагирование / Готовность к ЧС",2,0,0.0
good_practice,"Знаки безопасности / Предупредительные таблички, Целостность объекта / Оборудования",2,0,0.0
good_practice,"Машины и оборудование, Электрооборудование",2,0,0.0
good_practice,"Монтажные и грузоподъемные работы, Выполнение требований инструкций",2,0,0.0
good_practice,"Наряд-допуск / Оценка риска, Выполнение требований инструкций",2,0,0.0
good_practice,"Наряд-допуск / Оценка риска, Выполнение требований инструкций, Вывешивание плакатов, Проскальзывание / Спотыкание / Падение, СИЗ / Средства по обеспечению безопасности",2,0,0.0
good_practice,"Охрана окружающей среды, Целостность объекта / Оборудования",2,0,0.0
good_practice,Падающие предметы,2,0,0.0
good_practice,"Переносное оборудование / Ручные инструменты, Наряд-допуск / Оценка риска",2,0,0.0
good_practice,"Поддержание чистоты и порядка, Наряд-допуск / Оценка риска, Трубопроводы / Подземные коммуникации",2,0,0.0
good_practice,Работы в замкнутом пространстве,2,0,0.0
good_practice,"Работы на высоте / Строительные леса, Выполнение требований инструкций",2,0,0.0
good_practice,"Работы на высоте / Строительные леса, Наряд-допуск / Оценка риска",2,0,0.0
good_practice,"Рабочее место / Эргономика, Машины и оборудование",2,0,0.0
good_practice,"Рабочее место / Эргономика, Поддержание чистоты и порядка",2,0,0.0
good_practice,"Рабочее место / Эргономика, Санитарно-бытовые помещения",2,0,0.0
good_practice,"СИЗ / Средства по обеспечению безопасности, Выполнение требований инструкций, Проскальзывание / Спотыкание / Падение",2,0,0.0
good_practice,"СИЗ / Средства по обеспечению безопасности, Знаки безопасности / Предупредительные таблички",2,0,0.0
good_practice,"СИЗ / Средства по обеспечению безопасности, Охрана окружающей среды",2,0,0.0
good_practice,"СИЗ / Средства по обеспечению безопасности, Работы на высоте / Строительные леса",2,0,0.0
good_practice,"СИЗ / Средства по обеспечению безопасности, Сварка / Шлифовка / Отжиг",2,0,0.0
good_practice,"Санитарно-бытовые помещения, Наряд-допуск / Оценка риска",2,0,0.0
good_practice,"Транспортировка, Взрыво- и пожароопасность, Знаки безопасности / Предупредительные таблички, СИЗ / Средства по обеспечению безопасности, Трубопроводы / Подземные коммуникации, Поддержание чистоты и порядка, Охрана окружающей среды, Монтажные и грузоподъемные работы, Электрооборудование, Выполнение требований инструкций",2,0,0.0
good_practice,"Транспортировка, Взрыво- и пожароопасность, Знаки безопасности / Предупредительные таблички, Целостность объекта / Оборудования, Трубопроводы / Подземные коммуникации, Поддержание чистоты и порядка, Охрана окружающей среды, Монтажные и грузоподъемные работы, Наряд-допуск / Оценка риска, Выполнение требований инструкций",2,0,0.0
good_practice,"Транспортировка, Земляные работы, Трубопроводы / Подземные коммуникации, Охрана окружающей среды, Монтажные и грузоподъемные работы, Машины и оборудование, Наряд-допуск / Оценка риска, Опасные вещества/сероводород",2,0,0.0
good_practice,"Транспортировка, Машины и оборудование, Вождение",2,0,0.0
good_practice,"Транспортировка, Монтажные и грузоподъемные работы, Выполнение требований инструкций",2,0,0.0
good_practice,"Транспортировка, Переносное оборудование / Ручные инструменты",2,0,0.0
good_practice,"Трубопроводы / Подземные коммуникации, Поддержание чистоты и порядка, Наряд-допуск / Оценка риска",2,0,0.0
good_practice,"Целостность объекта / Оборудования, Опасные природные явления / Погодные условия",2,0,0.0
other,"Взрыво- и пожароопасность, Поддержание чистоты и порядка, Охрана окружающей среды, Рабочее место / Эргономика",2,0,0.0
other,"Вывешивание плакатов, СИЗ / Средства по обеспечению безопасности",2,0,0.0
other,"Знаки безопасности / Предупредительные таблички, СИЗ / Средства по обеспечению безопасности",2,0,0.0
other,"Машины и оборудование, Выполнение требований инструкций, Переносное оборудование / Ручные инструменты, Целостность объекта / Оборудования",2,0,0.0
other,"Машины и оборудование, Поддержание чистоты и порядка",2,0,0.0
other,"Охрана окружающей среды, Поддержание чистоты и порядка",2,0,0.0
other,"Поддержание чистоты и порядка, Выполнение требований инструкций",2,0,0.0
other,"Поддержание чистоты и порядка, Охрана окружающей среды, Рабочее место / Эргономика",2,0,0.0
other,"Поддержание чистоты и порядка, Санитарно-бытовые помещения",2,0,0.0
other,"Проскальзывание / Спотыкание / Падение, Целостность объекта / Оборудования",2,0,0.0
other,"Работы на высоте / Строительные леса, Выполнение требований инструкций",2,0,0.0
other,"Работы на высоте / Строительные леса, Проскальзывание / Спотыкание / Падение",2,0,0.0
other,"Санитарно-бытовые помещения, Опасные природные явления / Погодные условия",2,0,0.0
other,"Целостность объекта / Оборудования, Машины и оборудование",2,0,0.0
other,"Целостность объекта / Оборудования, Охрана окружающей среды",2,0,0.0
other,"Электрооборудование, Рабочее место / Эргономика",2,0,0.0
other,"Электрооборудование, Целостность объекта / Оборудования",2,0,0.0
other,"Электрооборудование, Целостность объекта / Оборудования, Опасные природные явления / Погодные условия",2,0,0.0
unsafe_action,"Взрыво- и пожароопасность, Знаки безопасности / Предупредительные таблички, Вывешивание плакатов, Выполнение требований инструкций",2,0,0.0
unsafe_action,"Вывешивание плакатов, Знаки безопасности / Предупредительные таблички, Земляные работы",2,0,0.0
unsafe_action,"Выполнение требований инструкций, Взрыво- и пожароопасность, Вывешивание плакатов, Знаки безопасности / Предупредительные таблички",2,0,0.0
unsafe_action,"Выполнение требований инструкций, Знаки безопасности / Предупредительные таблички, Взрыво- и пожароопасность",2,0,0.0
unsafe_action,"Выполнение требований инструкций, Знаки безопасности / Предупредительные таблички, Вождение",2,0,0.0
unsafe_action,"Выполнение требований инструкций, Падающие предметы",2,0,0.0
unsafe_action,"Выполнение требований инструкций, Работы на высоте / Строительные леса",2,0,0.0
unsafe_action,"Выполнение требований инструкций, Рабочее место / Эргономика",2,0,0.0
unsafe_action,"Выполнение требований инструкций, Электрооборудование",2,0,0.0
unsafe_action,"Знаки безопасности / Предупредительные таблички, Машины и оборудование",2,0,0.0
unsafe_action,"Знаки безопасности / Предупредительные таблички, СИЗ / Средства по обеспечению безопасности, Выполнение требований инструкций",2,0,0.0
unsafe_action,Ионизирующее излучение,2,0,0.0
unsafe_action,"Машины и оборудование, Выполнение требований инструкций",2,0,0.0
unsafe_action,"Монтажные и грузоподъемные работы, Машины и оборудование",2,0,0.0
unsafe_action,"Монтажные и грузоподъемные работы, Наряд-допуск / Оценка риска",2,0,0.0
unsafe_action,"Монтажные и грузоподъемные работы, Опасные вещества/сероводород",2,0,0.0
unsafe_action,"Монтажные и грузоподъемные работы, Поддержание чистоты и порядка",2,0,0.0
unsafe_action,Опасные вещества/сероводород,2,0,0.0
unsafe_action,Опасные природные явления / Погодные условия,2,0,0.0
unsafe_action,"Охрана окружающей среды, Наряд-допуск / Оценка риска",2,0,0.0
unsafe_action,"Охрана окружающей среды, СИЗ / Средства по обеспечению безопасности",2,0,0.0
unsafe_action,"Переносное оборудование / Ручные инструменты, Выполнение требований инструкций",2,0,0.0
unsafe_action,"Поддержание чистоты и порядка, Охрана окружающей среды, Взрыво- и пожароопасность",2,0,0.0
unsafe_action,"Проскальзывание / Спотыкание / Падение, Вождение",2,0,0.0
unsafe_action,"Проскальзывание / Спотыкание / Падение, Знаки безопасности / Предупредительные таблички, Выполнение требований инструкций",2,0,0.0
unsafe_action,"Работы в замкнутом пространстве, Выполнение требований инструкций",2,0,0.0
unsafe_action,"Работы в замкнутом пространстве, Наряд-допуск / Оценка риска, Выполнение требований инструкций",2,0,0.0
unsafe_action,"Работы в замкнутом пространстве, СИЗ / Средства по обеспечению безопасности",2,0,0.0
unsafe_action,"Работы в замкнутом пространстве, СИЗ / Средства по обеспечению безопасности, Наряд-допуск / Оценка риска, Выполнение требований инструкций",2,0,0.0
unsafe_action,"Работы на высоте / Строительные леса, Монтажные и грузоподъемные работы",2,0,0.0
unsafe_action,"Рабочее место / Эргономика, Поддержание чистоты и порядка",2,0,0.0
unsafe_action,"СИЗ / Средства по обеспечению безопасности, Выполнение требований инструкций, Вождение",2,0,0.0
unsafe_action,"СИЗ / Средства по обеспечению безопасности, Выполнение требований инструкций, Знаки безопасности / Предупредительные таблички",2,0,0.0
unsafe_action,"СИЗ / Средства по обеспечению безопасности, Перемещение грузов вручную",2,0,0.0
unsafe_action,"СИЗ / Средства по обеспечению безопасности, Переносное оборудование / Ручные инструменты",2,0,0.0
unsafe_action,"СИЗ / Средства по обеспечению безопасности, Проскальзывание / Спотыкание / Падение, Работы на высоте / Строительные леса",2,0,0.0
unsafe_action,"СИЗ / Средства по обеспечению безопасности, Работы на высоте / Строительные леса, Выполнение требований инструкций",2,0,0.0
unsafe_action,"СИЗ / Средства по обеспечению безопасности, Рабочее место / Эргономика",2,0,0.0
unsafe_action,"Санитарно-бытовые помещения, Поддержание чистоты и порядка",2,0,0.0
unsafe_action,"Сварка / Шлифовка / Отжиг, Выполнение требований инструкций",2,0,0.0
unsafe_action,"Сварка / Шлифовка / Отжиг, Машины и оборудование",2,0,0.0
unsafe_action,"Сварка / Шлифовка / Отжиг, СИЗ / Средства по обеспечению безопасности",2,0,0.0
unsafe_action,"Сварка / Шлифовка / Отжиг, СИЗ / Средства по обеспечению безопасности, Выполнение требований инструкций",2,0,0.0
unsafe_action,"Транспортировка, Вождение",2,0,0.0
unsafe_action,"Трубопроводы / Подземные коммуникации, Падающие предметы, Рабочее место / Эргономика",2,0,0.0
unsafe_action,"Электрооборудование, Взрыво- и пожароопасность",2,0,0.0
unsafe_behavior,"Вождение, Монтажные и грузоподъемные работы",2,0,0.0
unsafe_behavior,"Вывешивание плакатов, Сварка / Шлифовка / Отжиг, Земляные работы, Трубопроводы / Подземные коммуникации, Испытание под давлением, Опасные вещества/сероводород",2,0,0.0
unsafe_behavior,"Выполнение требований инструкций, Наряд-допуск / Оценка риска",2,0,0.0
unsafe_behavior,"Выполнение требований инструкций, Работы на высоте / Строительные леса",2,0,0.0
unsafe_behavior,"Выполнение требований инструкций, Работы на высоте / Строительные леса, Наряд-допуск / Оценка риска",2,0,0.0
unsafe_behavior,"Выполнение требований инструкций, Рабочее место / Эргономика",2,0,0.0
unsafe_behavior,"Выполнение требований инструкций, СИЗ / Средства по обеспечению безопасности, Переносное оборудование / Ручные инструменты",2,0,0.0
unsafe_behavior,"Земляные работы, СИЗ / Средства по обеспечению безопасности",2,0,0.0
unsafe_behavior,"Знаки безопасности / Предупредительные таблички, Поддержание чистоты и порядка",2,0,0.0
unsafe_behavior,"Знаки безопасности / Предупредительные таблички, Рабочее место / Эргономика",2,0,0.0
unsafe_behavior,"Машины и оборудование, Электрооборудование",2,0,0.0
unsafe_behavior,"Монтажные и грузоподъемные работы, СИЗ / Средства по обеспечению безопасности",2,0,0.0
unsafe_behavior,"Наряд-допуск / Оценка риска, Сварка / Шлифовка / Отжиг",2,0,0.0
unsafe_behavior,Опасные вещества/сероводород,2,0,0.0
unsafe_behavior,"Падающие предметы, Поддержание чистоты и порядка, Опасные природные явления / Погодные условия",2,0,0.0
unsafe_behavior,"Поддержание чистоты и порядка, Выполнение требований инструкций",2,0,0.0
unsafe_behavior,"Проскальзывание / Спотыкание / Падение, Выполнение требований инструкций",2,0,0.0
unsafe_behavior,"Проскальзывание / Спотыкание / Падение, Работы на высоте / Строительные леса",2,0,0.0
unsafe_behavior,"Проскальзывание / Спотыкание / Падение, СИЗ / Средства по обеспечению безопасности, Опасные природные явления / Погодные условия",2,0,0.0
unsafe_behavior,"Работы на высоте / Строительные леса, Выполнение требований инструкций",2,0,0.0
unsafe_behavior,"Работы на высоте / Строительные леса, Монтажные и грузоподъемные работы",2,0,0.0
unsafe_behavior,"Рабочее место / Эргономика, Поддержание чистоты и порядка",2,0,0.0
unsafe_behavior,"СИЗ / Средства по обеспечению безопасности, Земляные работы",2,0,0.0
unsafe_behavior,"СИЗ / Средства по обеспечению безопасности, Наряд-допуск / Оценка риска, Выполнение требований инструкций",2,0,0.0
unsafe_behavior,"СИЗ / Средства по обеспечению безопасности, Наряд-допуск / Оценка риска, Монтажные и грузоподъемные работы",2,0,0.0
unsafe_behavior,Санитарно-бытовые помещения,2,0,0.0
unsafe_behavior,"Сварка / Шлифовка / Отжиг, Выполнение требований инструкций",2,0,0.0
unsafe_behavior,"Транспортировка, Монтажные и грузоподъемные работы, Машины и оборудование",2,0,0.0
unsafe_behavior,"Транспортировка, Опасные вещества/сероводород",2,0,0.0
unsafe_behavior,"Электрооборудование, Рабочее место / Эргономика",2,0,0.0
unsafe_condition,"Аварийное реагирование / Готовность к ЧС, Выполнение требований инструкций, Рабочее место / Эргономика",2,0,0.0
unsafe_condition,"Взрыво- и пожароопасность, Знаки безопасности / Предупредительные таблички, Выполнение требований инструкций",2,0,0.0
unsafe_condition,"Взрыво- и пожароопасность, Поддержание чистоты и порядка, Охрана окружающей среды",2,0,0.0
unsafe_condition,"Взрыво- и пожароопасность, Сварка / Шлифовка / Отжиг",2,0,0.0
unsafe_condition,"Вождение, Выполнение требований инструкций",2,0,0.0
unsafe_condition,"Вождение, Транспортировка",2,0,0.0
unsafe_condition,"Вывешивание плакатов, Знаки безопасности / Предупредительные таблички, Выполнение требований инструкций",2,0,0.0
unsafe_condition,"Выполнение требований инструкций, Взрыво- и пожароопасность",2,0,0.0
unsafe_condition,"Выполнение требований инструкций, Знаки безопасности / Предупредительные таблички",2,0,0.0
unsafe_condition,"Выполнение требований инструкций, Машины и оборудование",2,0,0.0
unsafe_condition,"Выполнение требований инструкций, Опасные природные явления / Погодные условия",2,0,0.0
unsafe_condition,"Выполнение требований инструкций, Рабочее место / Эргономика, Целостность объекта / Оборудования",2,0,0.0
unsafe_condition,"Выполнение требований инструкций, Рабочее место / Эргономика, Целостность объекта / Оборудования, Переносное оборудование / Ручные инструменты",2,0,0.0
unsafe_condition,"Выполнение требований инструкций, Трубопроводы / Подземные коммуникации",2,0,0.0
unsafe_condition,"Выполнение требований инструкций, Целостность объекта / Оборудования, Падающие предметы, Опасные природные явления / Погодные условия",2,0,0.0
unsafe_condition,"Выполнение требований инструкций, Электрооборудование, Машины и оборудование, Трубопроводы / Подземные коммуникации",2,0,0.0
unsafe_condition,"Земляные работы, Поддержание чистоты и порядка, Рабочее место / Эргономика",2,0,0.0
unsafe_condition,"Земляные работы, Проскальзывание / Спотыкание / Падение",2,0,0.0
unsafe_condition,"Земляные работы, Трубопроводы / Подземные коммуникации, Охрана окружающей среды",2,0,0.0
unsafe_condition,"Знаки безопасности / Предупредительные таблички, Электрооборудование",2,0,0.0
unsafe_condition,Ионизирующее излучение,2,0,0.0
unsafe_condition,"Испытание под давлением, Электрооборудование",2,0,0.0
unsafe_condition,"Машины и оборудование, Выполнение требований инструкций, Проскальзывание / Спотыкание / Падение",2,0,0.0
unsafe_condition,"Машины и оборудование, Поддержание чистоты и порядка",2,0,0.0
unsafe_condition,"Монтажные и грузоподъемные работы, Машины и оборудование",2,0,0.0
unsafe_condition,Наряд-допуск / Оценка риска,2,0,0.0
unsafe_condition,Опасные вещества/сероводород,2,0,0.0
unsafe_condition,"Опасные природные явления / Погодные условия, Вождение",2,0,0.0
unsafe_condition,"Опасные природные явления / Погодные условия, Целостность объекта / Оборудования",2,0,0.0
unsafe_condition,"Падающие предметы, Целостность объекта / Оборудования",2,0,0.0
unsafe_condition,"Перемещение грузов вручную, Монтажные и грузоподъемные работы",2,0,0.0
unsafe_condition,"Переносное оборудование / Ручные инструменты, Поддержание чистоты и порядка",2,0,0.0
unsafe_condition,"Переносное оборудование / Ручные инструменты, Сварка / Шлифовка / Отжиг",2,0,0.0
unsafe_condition,"Переносное оборудование / Ручные инструменты, Электрооборудование",2,0,0.0
unsafe_condition,"Поддержание чистоты и порядка, Вождение",2,0,0.0
unsafe_condition,"Поддержание чистоты и порядка, Рабочее место / Эргономика, Проскальзывание / Спотыкание / Падение",2,0,0.0
unsafe_condition,"Поддержание чистоты и порядка, Санитарно-бытовые помещения, Рабочее место / Эргономика",2,0,0.0
unsafe_condition,"Проскальзывание / Спотыкание / Падение, Знаки безопасности / Предупредительные таблички",2,0,0.0
unsafe_condition,"Проскальзывание / Спотыкание / Падение, Работы на высоте / Строительные леса",2,0,0.0
unsafe_condition,"Проскальзывание / Спотыкание / Падение, Рабочее место / Эргономика, Поддержание чистоты и порядка",2,0,0.0
unsafe_condition,"Проскальзывание / Спотыкание / Падение, Рабочее место / Эргономика, Целостность объекта / Оборудования",2,0,0.0
unsafe_condition,"Работы на высоте / Строительные леса, Проскальзывание / Спотыкание / Падение, Рабочее место / Эргономика",2,0,0.0
unsafe_condition,"Работы на высоте / Строительные леса, Рабочее место / Эргономика",2,0,0.0
unsafe_condition,"Рабочее место / Эргономика, Знаки безопасности / Предупредительные таблички",2,0,0.0
unsafe_condition,"Рабочее место / Эргономика, Работы на высоте / Строительные леса",2,0,0.0
unsafe_condition,"Рабочее место / Эргономика, Целостность объекта / Оборудования",2,0,0.0
unsafe_condition,"СИЗ / Средства по обеспечению безопасности, Поддержание чистоты и порядка",2,0,0.0
unsafe_condition,"СИЗ / Средства по обеспечению безопасности, Трубопроводы / Подземные коммуникации, Перемещение грузов вручную, Наряд-допуск / Оценка риска",2,0,0.0
unsafe_condition,"Санитарно-бытовые помещения, Опасные природные явления / Погодные условия",2,0,0.0
unsafe_condition,"Санитарно-бытовые помещения, Поддержание чистоты и порядка",2,0,0.0
unsafe_condition,"Электрооборудование, Выполнение требований инструкций, Целостность объекта / Оборудования",2,0,0.0
danger_factor,"Аварийное реагирование / Готовность к ЧС, Монтажные и грузоподъемные работы",1,0,0.0
danger_factor,"Взрыво- и пожароопасность, Аварийное реагирование / Готовность к ЧС, Поддержание чистоты и порядка",1,0,0.0
danger_factor,"Взрыво- и пожароопасность, Вождение, Монтажные и грузоподъемные работы",1,0,0.0
danger_factor,"Взрыво- и пожароопасность, Выполнение требований инструкций, Работы в замкнутом пространстве, Опасные вещества/сероводород",1,0,0.0
danger_factor,"Взрыво- и пожароопасность, Знаки безопасности / Предупредительные таблички",1,0,0.0
danger_factor,"Взрыво- и пожароопасность, Опасные вещества/сероводород, Целостность объекта / Оборудования",1,0,0.0
danger_factor,"Взрыво- и пожароопасность, Охрана окружающей среды, Поддержание чистоты и порядка",1,0,0.0
danger_factor,"Взрыво- и пожароопасность, Поддержание чистоты и порядка",1,0,0.0
danger_factor,"Взрыво- и пожароопасность, Поддержание чистоты и порядка, Охрана окружающей среды",1,0,0.0
danger_factor,"Взрыво- и пожароопасность, Поддержание чистоты и порядка, Охрана окружающей среды, Транспортировка, Рабочее место / Эргономика, Вождение",1,0,0.0
danger_factor,"Взрыво- и пожароопасность, Сварка / Шлифовка / Отжиг",1,0,0.0
danger_factor,"Взрыво- и пожароопасность, Сварка / Шлифовка / Отжиг, СИЗ / Средства по обеспечению безопасности, Трубопроводы / Подземные коммуникации, Испытание под давлением, Охрана окружающей среды, Опасные вещества/сероводород, Выполнение требований инструкций",1,0,0.0
danger_factor,"Взрыво- и пожароопасность, Трубопроводы / Подземные коммуникации, Сварка / Шлифовка / Отжиг",1,0,0.0
danger_factor,"Вождение, Знаки безопасности / Предупредительные таблички",1,0,0.0
danger_factor,"Вождение, Машины и оборудование, Падающие предметы",1,0,0.0
danger_factor,"Вождение, СИЗ / Средства по обеспечению безопасности, Наряд-допуск / Оценка риска, Монтажные и грузоподъемные работы, Рабочее место / Эргономика",1,0,0.0
danger_factor,"Вождение, Транспортировка, Машины и оборудование",1,0,0.0
danger_factor,"Вывешивание плакатов, Взрыво- и пожароопасность, Знаки безопасности / Предупредительные таблички, Аварийное реагирование / Готовность к ЧС, Поддержание чистоты и порядка, Охрана окружающей среды, Опасные природные явления / Погодные условия, Электрооборудование, Выполнение требований инструкций, Транспортировка, Работы на высоте / Строительные леса, СИЗ / Средства по обеспечению безопасности, Переносное оборудование / Ручные инструменты, Рабочее место / Эргономика, Перемещение грузов вручную, Машины и оборудование, Проскальзывание / Спотыкание / Падение, Целостность объекта / Оборудования, Падающие предметы, Монтажные и грузоподъемные работы, Наряд-допуск / Оценка риска",1,0,0.0
danger_factor,"Вывешивание плакатов, Взрыво- и пожароопасность, Знаки безопасности / Предупредительные таблички, Аварийное реагирование / Готовность к ЧС, Поддержание чистоты и порядка, Охрана окружающей среды, Опасные природные явления / Погодные условия, Электрооборудование, Выполнение требований инструкций, Транспортировка, СИЗ / Средства по обеспечению безопасности, Переносное оборудование / Ручные инструменты, Рабочее место / Эргономика, Перемещение грузов вручную, Машины и оборудование, Вождение, Проскальзывание / Спотыкание / Падение, Целостность объекта / Оборудования, Падающие предметы, Монтажные и грузоподъемные работы, Наряд-допуск / Оценка риска",1,0,0.0
danger_factor,"Вывешивание плакатов, Знаки безопасности / Предупредительные таблички, Аварийное реагирование / Готовность к ЧС, Поддержание чистоты и порядка, Охрана окружающей среды, Опасные природные явления / Погодные условия, Электрооборудование, Выполнение требований инструкций, Транспортировка, СИЗ / Средства по обеспечению безопасности, Переносное оборудование / Ручные инструменты, Рабочее место / Эргономика, Перемещение грузов вручную, Машины и оборудование, Вождение, Проскальзывание / Спотыкание / Падение, Целостность объекта / Оборудования, Падающие предметы, Монтажные и грузоподъемные работы, Наряд-допуск / Оценка риска, Работы на высоте / Строительные леса",1,0,0.0
danger_factor,"Вывешивание плакатов, Знаки безопасности / Предупредительные таблички, Поддержание чистоты и порядка, Электрооборудование, СИЗ / Средства по обеспечению безопасности, Работы на высоте / Строительные леса, Падающие предметы, Наряд-допуск / Оценка риска",1,0,0.0
danger_factor,"Вывешивание плакатов, Перемещение грузов вручную, Охрана окружающей среды",1,0,0.0
danger_factor,"Вывешивание плакатов, Работы в замкнутом пространстве, Взрыво- и пожароопасность, Сварка / Шлифовка / Отжиг, Знаки безопасности / Предупредительные таблички, Работы на высоте / Строительные леса, Аварийное реагирование / Готовность к ЧС, СИЗ / Средства по обеспечению безопасности, Трубопроводы / Подземные коммуникации, Целостность объекта / Оборудования, Земляные работы, Проскальзывание / Спотыкание / Падение, Транспортировка, Переносное оборудование / Ручные инструменты, Падающие предметы, Поддержание чистоты и порядка, Санитарно-бытовые помещения, Испытание под давлением, Охрана окружающей среды, Рабочее место / Эргономика, Ионизирующее излучение, Опасные природные явления / Погодные условия, Перемещение грузов вручную, Монтажные и грузоподъемные работы, Электрооборудование, Машины и оборудование, Наряд-допуск / Оценка риска, Выполнение требований инструкций, Вождение, Опасные вещества/сероводород",1,0,0.0
danger_factor,"Вывешивание плакатов, Работы в замкнутом пространстве, Взрыво- и пожароопасность, Сварка / Шлифовка / Отжиг, Проскальзывание / Спотыкание / Падение, Знаки безопасности / Предупредительные таблички, Работы на высоте / Строительные леса, Земляные работы, Аварийное реагирование / Готовность к ЧС, СИЗ / Средства по обеспечению безопасности, Целостность объекта / Оборудования, Трубопроводы / Подземные коммуникации, Переносное оборудование / Ручные инструменты, Падающие предметы, Поддержание чистоты и порядка, Санитарно-бытовые помещения, Испытание под давлением, Охрана окружающей среды, Рабочее место / Эргономика, Ионизирующее излучение, Опасные природные явления / Погодные условия, Перемещение грузов вручную, Монтажные и грузоподъемные работы, Электрооборудование, Машины и оборудование, Наряд-допуск / Оценка риска, Выполнение требований инструкций, Вождение, Опасные вещества/сероводород",1,0,0.0
danger_factor,"Вывешивание плакатов, Работы в замкнутом пространстве, Сварка / Шлифовка / Отжиг, Знаки безопасности / Предупредительные таблички, Аварийное реагирование / Готовность к ЧС, СИЗ / Средства по обеспечению безопасности, Целостность объекта / Оборудования, Переносное оборудование / Ручные инструменты, Падающие предметы, Охрана окружающей среды, Перемещение грузов вручную, Монтажные и грузоподъемные работы, Электрооборудование, Наряд-допуск / Оценка риска, Выполнение требований инструкций",1,0,0.0
danger_factor,"Вывешивание плакатов, Сварка / Шлифовка / Отжиг, Знаки безопасности / Предупредительные таблички, СИЗ / Средства по обеспечению безопасности, Падающие предметы, Электрооборудование, Наряд-допуск / Оценка риска, Проскальзывание / Спотыкание / Падение, Работы на высоте / Строительные леса, Переносное оборудование / Ручные инструменты, Поддержание чистоты и порядка, Монтажные и грузоподъемные работы, Машины и оборудование, Выполнение требований инструкций",1,0,0.0
danger_factor,"Вывешивание плакатов, Транспортировка, Работы в замкнутом пространстве, Взрыво- и пожароопасность, Проскальзывание / Спотыкание / Падение, Знаки безопасности / Предупредительные таблички, Работы на высоте / Строительные леса, Земляные работы, СИЗ / Средства по обеспечению безопасности, Целостность объекта / Оборудования, Трубопроводы / Подземные коммуникации, Переносное оборудование / Ручные инструменты, Падающие предметы, Поддержание чистоты и порядка, Санитарно-бытовые помещения, Испытание под давлением, Охрана окружающей среды, Рабочее место / Эргономика, Опасные природные явления / Погодные условия, Перемещение грузов вручную, Монтажные и грузоподъемные работы, Электрооборудование, Машины и оборудование, Наряд-допуск / Оценка риска, Выполнение требований инструкций, Аварийное реагирование / Готовность к ЧС",1,0,0.0
danger_factor,"Вывешивание плакатов, Транспортировка, Работы в замкнутом пространстве, Взрыво- и пожароопасность, Сварка / Шлифовка / Отжиг, Проскальзывание / Спотыкание / Падение, Знаки безопасности / Предупредительные таблички, Работы на высоте / Строительные леса, Земляные работы, Аварийное реагирование / Готовность к ЧС, СИЗ / Средства по обеспечению безопасности, Целостность объекта / Оборудования, Трубопроводы / Подземные коммуникации, Переносное оборудование / Ручные инструменты, Падающие предметы, Поддержание чистоты и порядка, Санитарно-бытовые помещения, Испытание под давлением, Охрана окружающей среды, Рабочее место / Эргономика, Ионизирующее излучение, Опасные природные явления / Погодные условия, Перемещение грузов вручную, Монтажные и грузоподъемные работы, Электрооборудование, Машины и оборудование, Выполнение требований инструкций, Наряд-допуск / Оценка риска, Опасные вещества/сероводород, Вождение",1,0,0.0
danger_factor,"Выполнение требований инструкций, Аварийное реагирование / Готовность к ЧС",1,0,0.0
danger_factor,"Выполнение требований инструкций, Земляные работы, СИЗ / Средства по обеспечению безопасности, Целостность объекта / Оборудования, Испытание под давлением, Охрана окружающей среды",1,0,0.0
danger_factor,"Выполнение требований инструкций, Знаки безопасности / Предупредительные таблички, Целостность объекта / Оборудования",1,0,0.0
danger_factor,"Выполнение требований инструкций, Монтажные и грузоподъемные работы",1,0,0.0
danger_factor,"Выполнение требований инструкций, Охрана окружающей среды",1,0,0.0
danger_factor,"Выполнение требований инструкций, Падающие предметы",1,0,0.0
danger_factor,"Выполнение требований инструкций, Поддержание чистоты и порядка",1,0,0.0
danger_factor,"Выполнение требований инструкций, Проскальзывание / Спотыкание / Падение",1,0,0.0
danger_factor,"Выполнение требований инструкций, Работы на высоте / Строительные леса, Проскальзывание / Спотыкание / Падение",1,0,0.0
danger_factor,"Выполнение требований инструкций, Рабочее место / Эргономика",1,0,0.0
danger_factor,"Выполнение требований инструкций, Сварка / Шлифовка / Отжиг",1,0,0.0
danger_factor,"Выполнение требований инструкций, Целостность объекта / Оборудования, Падающие предметы",1,0,0.0
danger_factor,"Земляные работы, Знаки безопасности / Предупредительные таблички",1,0,0.0
danger_factor,"Земляные работы, Переносное оборудование / Ручные инструменты, Монтажные и грузоподъемные работы, Наряд-допуск / Оценка риска, Выполнение требований инструкций, Опасные вещества/сероводород",1,0,0.0
danger_factor,"Земляные работы, Трубопроводы / Подземные коммуникации, Взрыво- и пожароопасность",1,0,0.0
danger_factor,"Знаки безопасности / Предупредительные таблички, Аварийное реагирование / Готовность к ЧС, Трубопроводы / Подземные коммуникации",1,0,0.0
danger_factor,"Знаки безопасности / Предупредительные таблички, Взрыво- и пожароопасность, Сварка / Шлифовка / Отжиг, Целостность объекта / Оборудования, Наряд-допуск / Оценка риска",1,0,0.0
danger_factor,"Знаки безопасности / Предупредительные таблички, Выполнение требований инструкций",1,0,0.0
danger_factor,"Знаки безопасности / Предупредительные таблички, Поддержание чистоты и порядка, Охрана окружающей среды, Электрооборудование, Выполнение требований инструкций, Сварка / Шлифовка / Отжиг, СИЗ / Средства по обеспечению безопасности, Переносное оборудование / Ручные инструменты, Рабочее место / Эргономика, Перемещение грузов вручную, Машины и оборудование, Работы в замкнутом пространстве, Проскальзывание / Спотыкание / Падение, Монтажные и грузоподъемные работы, Наряд-допуск / Оценка риска",1,0,0.0
danger_factor,"Знаки безопасности / Предупредительные таблички, Проскальзывание / Спотыкание / Падение",1,0,0.0
danger_factor,"Знаки безопасности / Предупредительные таблички, Трубопроводы / Подземные коммуникации, Выполнение требований инструкций, Рабочее место / Эргономика",1,0,0.0
danger_factor,"Испытание под давлением, Переносное оборудование / Ручные инструменты",1,0,0.0
danger_factor,"Испытание под давлением, Трубопроводы / Подземные коммуникации",1,0,0.0
danger_factor,"Машины и оборудование, Вождение",1,0,0.0
danger_factor,"Машины и оборудование, Поддержание чистоты и порядка",1,0,0.0
danger_factor,"Машины и оборудование, Сварка / Шлифовка / Отжиг",1,0,0.0
danger_factor,"Машины и оборудование, Транспортировка",1,0,0.0
danger_factor,"Машины и оборудование, Целостность объекта / Оборудования",1,0,0.0
danger_factor,"Машины и оборудование, Электрооборудование",1,0,0.0
danger_factor,"Монтажные и грузоподъемные работы, Земляные работы",1,0,0.0
danger_factor,"Монтажные и грузоподъемные работы, Наряд-допуск / Оценка риска",1,0,0.0
danger_factor,"Монтажные и грузоподъемные работы, Наряд-допуск / Оценка риска, Выполнение требований инструкций",1,0,0.0
danger_factor,"Монтажные и грузоподъемные работы, Электрооборудование, Выполнение требований инструкций, Наряд-допуск / Оценка риска",1,0,0.0
danger_factor,"Наряд-допуск / Оценка риска, Опасные вещества/сероводород",1,0,0.0
danger_factor,"Опасные вещества/сероводород, Наряд-допуск / Оценка риска, Выполнение требований инструкций, Электрооборудование, Монтажные и грузоподъемные работы, Опасные природные явления / Погодные условия, Ионизирующее излучение, Рабочее место / Эргономика, Охрана окружающей среды, Поддержание чистоты и порядка, Падающие предметы, Переносное оборудование / Ручные инструменты, Целостность объекта / Оборудования, СИЗ / Средства по обеспечению безопасности, Аварийное реагирование / Готовность к ЧС, Земляные работы, Работы на высоте / Строительные леса, Знаки безопасности / Предупредительные таблички, Проскальзывание / Спотыкание / Падение, Взрыво- и пожароопасность, Работы в замкнутом пространстве, Вывешивание плакатов, Транспортировка",1,0,0.0
danger_factor,"Опасные вещества/сероводород, Переносное оборудование / Ручные инструменты, Поддержание чистоты и порядка, Санитарно-бытовые помещения, Электрооборудование, Машины и оборудование, Монтажные и грузоподъемные работы",1,0,0.0
danger_factor,"Опасные вещества/сероводород, Целостность объекта / Оборудования, Взрыво- и пожароопасность",1,0,0.0
danger_factor,"Опасные природные явления / Погодные условия, Проскальзывание / Спотыкание / Падение",1,0,0.0
danger_factor,"Опасные природные явления / Погодные условия, СИЗ / Средства по обеспечению безопасности",1,0,0.0
danger_factor,"Охрана окружающей среды, Выполнение требований инструкций, Работы на высоте / Строительные леса, Наряд-допуск / Оценка риска",1,0,0.0
danger_factor,"Охрана окружающей среды, Знаки безопасности / Предупредительные таблички, СИЗ / Средства по обеспечению безопасности",1,0,0.0
danger_factor,"Падающие предметы, Испытание под давлением",1,0,0.0
danger_factor,"Падающие предметы, Испытание под давлением, Целостность объекта / Оборудования",1,0,0.0
danger_factor,"Падающие предметы, Монтажные и грузоподъемные работы, Выполнение требований инструкций",1,0,0.0
danger_factor,"Падающие предметы, Проскальзывание / Спотыкание / Падение",1,0,0.0
danger_factor,"Падающие предметы, Целостность объекта / Оборудования",1,0,0.0
danger_factor,"Падающие предметы, Электрооборудование",1,0,0.0
danger_factor,Перемещение грузов вручную,1,0,0.0
danger_factor,"Перемещение грузов вручную, Монтажные и грузоподъемные работы, Электрооборудование, Наряд-допуск / Оценка риска, Выполнение требований инструкций",1,0,0.0
danger_factor,"Поддержание чистоты и порядка, Опасные природные явления / Погодные условия",1,0,0.0
danger_factor,"Поддержание чистоты и порядка, Охрана окружающей среды, Электрооборудование, Выполнение требований инструкций",1,0,0.0
danger_factor,"Поддержание чистоты и порядка, Рабочее место / Эргономика, Проскальзывание / Спотыкание / Падение",1,0,0.0
danger_factor,"Проскальзывание / Спотыкание / Падение, Знаки безопасности / Предупредительные таблички, Целостность объекта / Оборудования",1,0,0.0
danger_factor,"Проскальзывание / Спотыкание / Падение, Монтажные и грузоподъемные работы",1,0,0.0
danger_factor,"Проскальзывание / Спотыкание / Падение, Монтажные и грузоподъемные работы, Наряд-допуск / Оценка риска",1,0,0.0
danger_factor,"Проскальзывание / Спотыкание / Падение, Опасные природные явления / Погодные условия, Опасные вещества/сероводород, Работы на высоте / Строительные леса",1,0,0.0
danger_factor,"Проскальзывание / Спотыкание / Падение, Падающие предметы",1,0,0.0
danger_factor,"Проскальзывание / Спотыкание / Падение, Работы на высоте / Строительные леса, СИЗ / Средства по обеспечению безопасности, Опасные вещества/сероводород",1,0,0.0
danger_factor,"Проскальзывание / Спотыкание / Падение, Рабочее место / Эргономика",1,0,0.0
danger_factor,"Проскальзывание / Спотыкание / Падение, Санитарно-бытовые помещения",1,0,0.0
danger_factor,"Проскальзывание / Спотыкание / Падение, Целостность объекта / Оборудования",1,0,0.0
danger_factor,"Проскальзывание / Спотыкание / Падение, Электрооборудование, Рабочее место / Эргономика",1,0,0.0
danger_factor,"Работы в замкнутом пространстве, Вывешивание плакатов",1,0,0.0
danger_factor,"Работы в замкнутом пространстве, Проскальзывание / Спотыкание / Падение, Взрыво- и пожароопасность, Опасные вещества/сероводород",1,0,0.0
danger_factor,"Работы на высоте / Строительные леса, Монтажные и грузоподъемные работы",1,0,0.0
danger_factor,"Работы на высоте / Строительные леса, Проскальзывание / Спотыкание / Падение",1,0,0.0
danger_factor,"Работы на высоте / Строительные леса, СИЗ / Средства по обеспечению безопасности, Рабочее место / Эргономика, Знаки безопасности / Предупредительные таблички, Наряд-допуск / Оценка риска, Монтажные и грузоподъемные работы, Машины и оборудование, Транспортировка, Трубопроводы / Подземные коммуникации, Перемещение грузов вручную",1,0,0.0
danger_factor,"Работы на высоте / Строительные леса, Целостность объекта / Оборудования, Поддержание чистоты и порядка, Монтажные и грузоподъемные работы, Электрооборудование",1,0,0.0
danger_factor,"Работы на высоте / Строительные леса, Электрооборудование, Опасные вещества/сероводород",1,0,0.0
danger_factor,"Рабочее место / Эргономика, Опасные вещества/сероводород",1,0,0.0
danger_factor,"Рабочее место / Эргономика, Переносное оборудование / Ручные инструменты",1,0,0.0
danger_factor,"Рабочее место / Эргономика, Проскальзывание / Спотыкание / Падение, Падающие предметы, Выполнение требований инструкций, Аварийное реагирование / Готовность к ЧС",1,0,0.0
danger_factor,"Рабочее место / Эргономика, Электрооборудование",1,0,0.0
danger_factor,"СИЗ / Средства по обеспечению безопасности, Выполнение требований инструкций",1,0,0.0
danger_factor,"СИЗ / Средства по обеспечению безопасности, Выполнение требований инструкций, Охрана окружающей среды, Поддержание чистоты и порядка",1,0,0.0
danger_factor,"СИЗ / Средства по обеспечению безопасности, Монтажные и грузоподъемные работы",1,0,0.0
danger_factor,"СИЗ / Средства по обеспечению безопасности, Наряд-допуск / Оценка риска, Выполнение требований инструкций",1,0,0.0
danger_factor,"СИЗ / Средства по обеспечению безопасности, Опасные вещества/сероводород, Выполнение требований инструкций",1,0,0.0
danger_factor,"СИЗ / Средства по обеспечению безопасности, Опасные вещества/сероводород, Проскальзывание / Спотыкание / Падение, Выполнение требований инструкций, Переносное оборудование / Ручные инструменты, Охрана окружающей среды",1,0,0.0
danger_factor,"СИЗ / Средства по обеспечению безопасности, Охрана окружающей среды",1,0,0.0
danger_factor,"СИЗ / Средства по обеспечению безопасности, Переносное оборудование / Ручные инструменты",1,0,0.0
danger_factor,"СИЗ / Средства по обеспечению безопасности, Поддержание чистоты и порядка, Охрана окружающей среды",1,0,0.0
danger_factor,"СИЗ / Средства по обеспечению безопасности, Работы на высоте / Строительные леса",1,0,0.0
danger_factor,"СИЗ / Средства по обеспечению безопасности, Электрооборудование",1,0,0.0
danger_factor,"Санитарно-бытовые помещения, Поддержание чистоты и порядка",1,0,0.0
danger_factor,"Сварка / Шлифовка / Отжиг, Выполнение требований инструкций, Взрыво- и пожароопасность",1,0,0.0
danger_factor,"Сварка / Шлифовка / Отжиг, Знаки безопасности / Предупредительные таблички, СИЗ / Средства по обеспечению безопасности, Наряд-допуск / Оценка риска",1,0,0.0
danger_factor,"Сварка / Шлифовка / Отжиг, Испытание под давлением",1,0,0.0
danger_factor,"Сварка / Шлифовка / Отжиг, Наряд-допуск / Оценка риска, Выполнение требований инструкций",1,0,0.0
danger_factor,"Сварка / Шлифовка / Отжиг, СИЗ / Средства по обеспечению безопасности, Монтажные и грузоподъемные работы",1,0,0.0
danger_factor,"Сварка / Шлифовка / Отжиг, СИЗ / Средства по обеспечению безопасности, Переносное оборудование / Ручные инструменты, Машины и оборудование, Вождение, Работы в замкнутом пространстве, Земляные работы, Испытание под давлением, Падающие предметы, Монтажные и грузоподъемные работы, Взрыво- и пожароопасность, Знаки безопасности / Предупредительные таблички, Трубопроводы / Подземные коммуникации, Электрооборудование",1,0,0.0
danger_factor,"Сварка / Шлифовка / Отжиг, Санитарно-бытовые помещения, Рабочее место / Эргономика",1,0,0.0
danger_factor,"Транспортировка, Выполнение требований инструкций",1,0,0.0
danger_factor,"Транспортировка, Земляные работы",1,0,0.0
danger_factor,"Транспортировка, Земляные работы, Падающие предметы",1,0,0.0
danger_factor,"Транспортировка, Знаки безопасности / Предупредительные таблички",1,0,0.0
danger_factor,"Транспортировка, Проскальзывание / Спотыкание / Падение",1,0,0.0
danger_factor,"Трубопроводы / Подземные коммуникации, Выполнение требований инструкций",1,0,0.0
danger_factor,"Трубопроводы / Подземные коммуникации, Охрана окружающей среды, СИЗ / Средства по обеспечению безопасности, Переносное оборудование / Ручные инструменты, Земляные работы, Целостность объекта / Оборудования",1,0,0.0
danger_factor,"Целостность объекта / Оборудования, Машины и оборудование",1,0,0.0
danger_factor,"Целостность объекта / Оборудования, Падающие предметы, Выполнение требований инструкций",1,0,0.0
danger_factor,"Целостность объекта / Оборудования, Работы на высоте / Строительные леса",1,0,0.0
danger_factor,"Целостность объекта / Оборудования, Рабочее место / Эргономика",1,0,0.0
danger_factor,"Целостность объекта / Оборудования, Трубопроводы / Подземные коммуникации",1,0,0.0
danger_factor,"Целостность объекта / Оборудования, Электрооборудование, Поддержание чистоты и порядка",1,0,0.0
danger_factor,"Электрооборудование, Взрыво- и пожароопасность",1,0,0.0
danger_factor,"Электрооборудование, Выполнение требований инструкций",1,0,0.0
danger_factor,"Электрооборудование, Выполнение требований инструкций, СИЗ / Средства по обеспечению безопасности",1,0,0.0
danger_factor,"Электрооборудование, Знаки безопасности / Предупредительные таблички, Выполнение требований инструкций",1,0,0.0
danger_factor,"Электрооборудование, Машины и оборудование, Целостность объекта / Оборудования",1,0,0.0
danger_factor,"Электрооборудование, Наряд-допуск / Оценка риска, Охрана окружающей среды, Выполнение требований инструкций, Падающие предметы, Санитарно-бытовые помещения, Проскальзывание / Спотыкание / Падение",1,0,0.0
danger_factor,"Электрооборудование, Падающие предметы, Опасные природные явления / Погодные условия",1,0,0.0
danger_factor,"Электрооборудование, Падающие предметы, Санитарно-бытовые помещения, Взрыво- и пожароопасность, Знаки безопасности / Предупредительные таблички",1,0,0.0
danger_factor,"Электрооборудование, Перемещение грузов вручную, Наряд-допуск / Оценка риска, Вывешивание плакатов, Сварка / Шлифовка / Отжиг, Падающие предметы",1,0,0.0
danger_factor,"Электрооборудование, Рабочее место / Эргономика",1,0,0.0
good_practice,"Аварийное реагирование / Готовность к ЧС, Взрыво- и пожароопасность",1,0,0.0
good_practice,"Взрыво- и пожароопасность, Опасные вещества/сероводород, Целостность объекта / Оборудования, СИЗ / Средства по обеспечению безопасности, Трубопроводы / Подземные коммуникации, Поддержание чистоты и порядка, Опасные природные явления / Погодные условия, Наряд-допуск / Оценка риска, Выполнение требований инструкций",1,0,0.0
good_practice,"Взрыво- и пожароопасность, Охрана окружающей среды, Рабочее место / Эргономика, Трубопроводы / Подземные коммуникации, Поддержание чистоты и порядка",1,0,0.0
good_practice,"Взрыво- и пожароопасность, Поддержание чистоты и порядка, Выполнение требований инструкций",1,0,0.0
good_practice,"Взрыво- и пожароопасность, Поддержание чистоты и порядка, Охрана окружающей среды, Опасные природные явления / Погодные условия, Электрооборудование, Выполнение требований инструкций, Транспортировка, Сварка / Шлифовка / Отжиг, Работы на высоте / Строительные леса, СИЗ / Средства по обеспечению безопасности, Переносное оборудование / Ручные инструменты, Перемещение грузов вручную, Машины и оборудование, Вождение, Работы в замкнутом пространстве, Проскальзывание / Спотыкание / Падение, Земляные работы, Целостность объекта / Оборудования, Падающие предметы, Испытание под давлением, Ионизирующее излучение, Монтажные и грузоподъемные работы, Наряд-допуск / Оценка риска, Опасные вещества/сероводород, Знаки безопасности / Предупредительные таблички, Трубопроводы / Подземные коммуникации",1,0,0.0
good_practice,"Взрыво- и пожароопасность, Сварка / Шлифовка / Отжиг",1,0,0.0
good_practice,"Взрыво- и пожароопасность, Целостность объекта / Оборудования",1,0,0.0
good_practice,"Вождение, Выполнение требований инструкций, Взрыво- и пожароопасность",1,0,0.0
good_practice,"Вождение, Машины и оборудование",1,0,0.0
good_practice,"Вождение, Опасные вещества/сероводород",1,0,0.0
good_practice,"Вождение, Опасные вещества/сероводород, Наряд-допуск / Оценка риска, Монтажные и грузоподъемные работы, Ионизирующее излучение, Испытание под давлением, Машины и оборудование, Перемещение грузов вручную, Рабочее место / Эргономика, Санитарно-бытовые помещения, Выполнение требований инструкций, Электрооборудование, Опасные природные явления / Погодные условия, Охрана окружающей среды, Поддержание чистоты и порядка, Трубопроводы / Подземные коммуникации, Аварийное реагирование / Готовность к ЧС, Знаки безопасности / Предупредительные таблички, Работы на высоте / Строительные леса, СИЗ / Средства по обеспечению безопасности, Переносное оборудование / Ручные инструменты, Земляные работы, Целостность объекта / Оборудования, Падающие предметы, Транспортировка, Вывешивание плакатов, Взрыво- и пожароопасность, Сварка / Шлифовка / Отжиг, Проскальзывание / Спотыкание / Падение, Работы в замкнутом пространстве",1,0,0.0
good_practice,"Вождение, СИЗ / Средства по обеспечению безопасности",1,0,0.0
good_practice,"Вождение, СИЗ / Средства по обеспечению безопасности, Выполнение требований инструкций",1,0,0.0
good_practice,"Вождение, СИЗ / Средства по обеспечению безопасности, Санитарно-бытовые помещения",1,0,0.0
good_practice,"Вождение, Транспортировка, Выполнение требований инструкций",1,0,0.0
good_practice,"Вождение, Транспортировка, Выполнение требований инструкций, СИЗ / Средства по обеспечению безопасности",1,0,0.0
good_practice,"Вождение, Трубопроводы / Подземные коммуникации, Целостность объекта / Оборудования, Охрана окружающей среды",1,0,0.0
good_practice,"Вывешивание плакатов, Взрыво- и пожароопасность, Знаки безопасности / Предупредительные таблички, Аварийное реагирование / Готовность к ЧС, Охрана окружающей среды, Опасные природные явления / Погодные условия, Электрооборудование, Выполнение требований инструкций, Транспортировка, Сварка / Шлифовка / Отжиг, СИЗ / Средства по обеспечению безопасности, Рабочее место / Эргономика, Машины и оборудование, Вождение, Работы в замкнутом пространстве, Проскальзывание / Спотыкание / Падение, Перемещение грузов вручную, Санитарно-бытовые помещения, Монтажные и грузоподъемные работы, Наряд-допуск / Оценка риска, Опасные вещества/сероводород, Ионизирующее излучение, Испытание под давлением, Целостность объекта / Оборудования, Земляные работы, Падающие предметы, Переносное оборудование / Ручные инструменты, Работы на высоте / Строительные леса, Трубопроводы / Подземные коммуникации, Поддержание чистоты и порядка",1,0,0.0
good_practice,"Вывешивание плакатов, Взрыво- и пожароопасность, Знаки безопасности / Предупредительные таблички, Аварийное реагирование / Готовность к ЧС, СИЗ / Средства по обеспечению безопасности, Целостность объекта / Оборудования, Переносное оборудование / Ручные инструменты, Поддержание чистоты и порядка, Санитарно-бытовые помещения, Охрана окружающей среды, Рабочее место / Эргономика, Опасные природные явления / Погодные условия, Электрооборудование, Наряд-допуск / Оценка риска, Выполнение требований инструкций, Опасные вещества/сероводород",1,0,0.0
good_practice,"Вывешивание плакатов, Взрыво- и пожароопасность, Знаки безопасности / Предупредительные таблички, Аварийное реагирование / Готовность к ЧС, Трубопроводы / Подземные коммуникации, Поддержание чистоты и порядка, Охрана окружающей среды, Выполнение требований инструкций, СИЗ / Средства по обеспечению безопасности, Работы в замкнутом пространстве, Проскальзывание / Спотыкание / Падение, Падающие предметы, Наряд-допуск / Оценка риска",1,0,0.0
good_practice,"Вывешивание плакатов, Взрыво- и пожароопасность, Знаки безопасности / Предупредительные таблички, СИЗ / Средства по обеспечению безопасности, Трубопроводы / Подземные коммуникации, Поддержание чистоты и порядка, Испытание под давлением, Охрана окружающей среды, Рабочее место / Эргономика, Наряд-допуск / Оценка риска, Выполнение требований инструкций",1,0,0.0
good_practice,"Вывешивание плакатов, Взрыво- и пожароопасность, Знаки безопасности / Предупредительные таблички, Трубопроводы / Подземные коммуникации, Охрана окружающей среды, Выполнение требований инструкций",1,0,0.0
good_practice,"Вывешивание плакатов, Взрыво- и пожароопасность, Знаки безопасности / Предупредительные таблички, Трубопроводы / Подземные коммуникации, Поддержание чистоты и порядка, Охрана окружающей среды, Выполнение требований инструкций, Опасные вещества/сероводород",1,0,0.0
good_practice,"Вывешивание плакатов, Взрыво- и пожароопасность, Сварка / Шлифовка / Отжиг, Транспортировка, Работы в замкнутом пространстве, Проскальзывание / Спотыкание / Падение, Знаки безопасности / Предупредительные таблички, Работы на высоте / Строительные леса, Земляные работы, Целостность объекта / Оборудования, СИЗ / Средства по обеспечению безопасности, Аварийное реагирование / Готовность к ЧС, Трубопроводы / Подземные коммуникации, Переносное оборудование / Ручные инструменты, Падающие предметы, Испытание под давлением, Санитарно-бытовые помещения, Поддержание чистоты и порядка, Рабочее место / Эргономика, Ионизирующее излучение, Монтажные и грузоподъемные работы, Перемещение грузов вручную, Опасные природные явления / Погодные условия, Охрана окружающей среды, Вождение, Выполнение требований инструкций, Электрооборудование, Машины и оборудование, Наряд-допуск / Оценка риска, Опасные вещества/сероводород",1,0,0.0
good_practice,"Вывешивание плакатов, Вождение, Охрана окружающей среды",1,0,0.0
good_practice,"Вывешивание плакатов, Выполнение требований инструкций, Опасные вещества/сероводород, Монтажные и грузоподъемные работы, СИЗ / Средства по обеспечению безопасности, Машины и оборудование, Поддержание чистоты и порядка, Наряд-допуск / Оценка риска, Знаки безопасности / Предупредительные таблички, Охрана окружающей среды, Электрооборудование, Трубопроводы / Подземные коммуникации, Взрыво- и пожароопасность, Переносное оборудование / Ручные инструменты",1,0,0.0
good_practice,"Вывешивание плакатов, Знаки безопасности / Предупредительные таблички, Взрыво- и пожароопасность, Охрана окружающей среды, Поддержание чистоты и порядка, Трубопроводы / Подземные коммуникации, Опасные природные явления / Погодные условия, Электрооборудование, Выполнение требований инструкций, Транспортировка, СИЗ / Средства по обеспечению безопасности, Рабочее место / Эргономика, Перемещение грузов вручную",1,0,0.0
good_practice,"Вывешивание плакатов, Знаки безопасности / Предупредительные таблички, Вождение, СИЗ / Средства по обеспечению безопасности, Транспортировка, Санитарно-бытовые помещения, Опасные природные явления / Погодные условия",1,0,0.0
good_practice,"Вывешивание плакатов, Знаки безопасности / Предупредительные таблички, Выполнение требований инструкций, Проскальзывание / Спотыкание / Падение",1,0,0.0
good_practice,"Вывешивание плакатов, Знаки безопасности / Предупредительные таблички, Земляные работы",1,0,0.0
good_practice,"Вывешивание плакатов, Знаки безопасности / Предупредительные таблички, Монтажные и грузоподъемные работы",1,0,0.0
good_practice,"Вывешивание плакатов, Знаки безопасности / Предупредительные таблички, Поддержание чистоты и порядка, Выполнение требований инструкций, СИЗ / Средства по обеспечению безопасности, Переносное оборудование / Ручные инструменты, Рабочее место / Эргономика, Машины и оборудование, Работы в замкнутом пространстве, Целостность объекта / Оборудования, Падающие предметы, Наряд-допуск / Оценка риска, Опасные вещества/сероводород",1,0,0.0
good_practice,"Вывешивание плакатов, Знаки безопасности / Предупредительные таблички, Поддержание чистоты и порядка, Охрана окружающей среды, Транспортировка, Падающие предметы, Наряд-допуск / Оценка риска, Вождение, Перемещение грузов вручную, СИЗ / Средства по обеспечению безопасности, Работы на высоте / Строительные леса, Выполнение требований инструкций",1,0,0.0
good_practice,"Вывешивание плакатов, Знаки безопасности / Предупредительные таблички, Поддержание чистоты и порядка, Электрооборудование, Выполнение требований инструкций, СИЗ / Средства по обеспечению безопасности, Переносное оборудование / Ручные инструменты, Рабочее место / Эргономика, Машины и оборудование, Проскальзывание / Спотыкание / Падение, Целостность объекта / Оборудования, Наряд-допуск / Оценка риска",1,0,0.0
good_practice,"Вывешивание плакатов, Знаки безопасности / Предупредительные таблички, Работы на высоте / Строительные леса, Выполнение требований инструкций, СИЗ / Средства по обеспечению безопасности",1,0,0.0
good_practice,"Вывешивание плакатов, Знаки безопасности / Предупредительные таблички, СИЗ / Средства по обеспечению безопасности, Выполнение требований инструкций",1,0,0.0
good_practice,"Вывешивание плакатов, Знаки безопасности / Предупредительные таблички, Трубопроводы / Подземные коммуникации, Охрана окружающей среды, Рабочее место / Эргономика, Наряд-допуск / Оценка риска, Выполнение требований инструкций, Поддержание чистоты и порядка, СИЗ / Средства по обеспечению безопасности, Аварийное реагирование / Готовность к ЧС, Сварка / Шлифовка / Отжиг",1,0,0.0
good_practice,"Вывешивание плакатов, Знаки безопасности / Предупредительные таблички, Электрооборудование, Выполнение требований инструкций, Наряд-допуск / Оценка риска, Машины и оборудование, Работы на высоте / Строительные леса, СИЗ / Средства по обеспечению безопасности",1,0,0.0
good_practice,"Вывешивание плакатов, Знаки безопасности / Предупредительные таблички, Электрооборудование, Рабочее место / Эргономика",1,0,0.0
good_practice,"Вывешивание плакатов, Монтажные и грузоподъемные работы",1,0,0.0
good_practice,"Вывешивание плакатов, Охрана окружающей среды",1,0,0.0
good_practice,"Вывешивание плакатов, Поддержание чистоты и порядка",1,0,0.0
good_practice,"Вывешивание плакатов, Поддержание чистоты и порядка, Электрооборудование",1,0,0.0
good_practice,"Вывешивание плакатов, Поддержание чистоты и порядка, Электрооборудование, Выполнение требований инструкций, СИЗ / Средства по обеспечению безопасности, Переносное оборудование / Ручные инструменты, Машины и оборудование, Наряд-допуск / Оценка риска, Опасные вещества/сероводород",1,0,0.0
good_practice,"Вывешивание плакатов, Проскальзывание / Спотыкание / Падение",1,0,0.0
good_practice,"Вывешивание плакатов, Работы в замкнутом пространстве, Взрыво- и пожароопасность, Проскальзывание / Спотыкание / Падение, Знаки безопасности / Предупредительные таблички, Работы на высоте / Строительные леса, Земляные работы, Аварийное реагирование / Готовность к ЧС, СИЗ / Средства по обеспечению безопасности, Целостность объекта / Оборудования, Переносное оборудование / Ручные инструменты, Падающие предметы, Поддержание чистоты и порядка, Санитарно-бытовые помещения, Испытание под давлением, Охрана окружающей среды, Рабочее место / Эргономика, Ионизирующее излучение, Опасные природные явления / Погодные условия, Монтажные и грузоподъемные работы, Электрооборудование, Наряд-допуск / Оценка риска, Выполнение требований инструкций, Опасные вещества/сероводород",1,0,0.0
good_practice,"Вывешивание плакатов, Работы в замкнутом пространстве, Взрыво- и пожароопасность, Проскальзывание / Спотыкание / Падение, Знаки безопасности / Предупредительные таблички, Работы на высоте / Строительные леса, Земляные работы, Аварийное реагирование / Готовность к ЧС, СИЗ / Средства по обеспечению безопасности, Целостность объекта / Оборудования, Переносное оборудование / Ручные инструменты, Падающие предметы, Поддержание чистоты и порядка, Санитарно-бытовые помещения, Испытание под давлением, Охрана окружающей среды, Рабочее место / Эргономика, Ионизирующее излучение, Опасные природные явления / Погодные условия, Электрооборудование, Наряд-допуск / Оценка риска, Выполнение требований инструкций, Опасные вещества/сероводород",1,0,0.0
good_practice,"Вывешивание плакатов, Работы в замкнутом пространстве, Сварка / Шлифовка / Отжиг, Знаки безопасности / Предупредительные таблички, СИЗ / Средства по обеспечению безопасности, Аварийное реагирование / Готовность к ЧС, Целостность объекта / Оборудования, Переносное оборудование / Ручные инструменты, Поддержание чистоты и порядка, Охрана окружающей среды, Перемещение грузов вручную, Электрооборудование, Наряд-допуск / Оценка риска, Выполнение требований инструкций",1,0,0.0
good_practice,"Вывешивание плакатов, Работы на высоте / Строительные леса, СИЗ / Средства по обеспечению безопасности, Поддержание чистоты и порядка, Охрана окружающей среды, Наряд-допуск / Оценка риска",1,0,0.0
good_practice,"Вывешивание плакатов, СИЗ / Средства по обеспечению безопасности, Поддержание чистоты и порядка",1,0,0.0
good_practice,"Вывешивание плакатов, СИЗ / Средства по обеспечению безопасности, Работы на высоте / Строительные леса",1,0,0.0
good_practice,"Вывешивание плакатов, СИЗ / Средства по обеспечению безопасности, Электрооборудование, Знаки безопасности / Предупредительные таблички, Поддержание чистоты и порядка, Выполнение требований инструкций, Проскальзывание / Спотыкание / Падение, Наряд-допуск / Оценка риска, Целостность объекта / Оборудования",1,0,0.0
good_practice,"Вывешивание плакатов, Сварка / Шлифовка / Отжиг",1,0,0.0
good_practice,"Вывешивание плакатов, Сварка / Шлифовка / Отжиг, Знаки безопасности / Предупредительные таблички, СИЗ / Средства по обеспечению безопасности, Падающие предметы, Поддержание чистоты и порядка, Охрана окружающей среды, Выполнение требований инструкций",1,0,0.0
good_practice,"Вывешивание плакатов, Сварка / Шлифовка / Отжиг, Знаки безопасности / Предупредительные таблички, СИЗ / Средства по обеспечению безопасности, Поддержание чистоты и порядка, Охрана окружающей среды, Наряд-допуск / Оценка риска, Монтажные и грузоподъемные работы",1,0,0.0
good_practice,"Вывешивание плакатов, Сварка / Шлифовка / Отжиг, Работы на высоте / Строительные леса, Знаки безопасности / Предупредительные таблички, Наряд-допуск / Оценка риска, Монтажные и грузоподъемные работы",1,0,0.0
good_practice,"Вывешивание плакатов, Сварка / Шлифовка / Отжиг, СИЗ / Средства по обеспечению безопасности",1,0,0.0
good_practice,"Вывешивание плакатов, Транспортировка",1,0,0.0
good_practice,"Вывешивание плакатов, Транспортировка, Взрыво- и пожароопасность, Знаки безопасности / Предупредительные таблички",1,0,0.0
good_practice,"Вывешивание плакатов, Транспортировка, Взрыво- и пожароопасность, Сварка / Шлифовка / Отжиг, Знаки безопасности / Предупредительные таблички, Работы на высоте / Строительные леса, Земляные работы, Монтажные и грузоподъемные работы, Наряд-допуск / Оценка риска, СИЗ / Средства по обеспечению безопасности, Выполнение требований инструкций, Электрооборудование",1,0,0.0
good_practice,"Вывешивание плакатов, Транспортировка, Знаки безопасности / Предупредительные таблички, Аварийное реагирование / Готовность к ЧС, СИЗ / Средства по обеспечению безопасности, Целостность объекта / Оборудования, Трубопроводы / Подземные коммуникации, Поддержание чистоты и порядка, Охрана окружающей среды, Опасные природные явления / Погодные условия, Перемещение грузов вручную, Монтажные и грузоподъемные работы, Наряд-допуск / Оценка риска",1,0,0.0
good_practice,"Вывешивание плакатов, Транспортировка, Проскальзывание / Спотыкание / Падение, Знаки безопасности / Предупредительные таблички, Работы на высоте / Строительные леса, Земляные работы, СИЗ / Средства по обеспечению безопасности, Целостность объекта / Оборудования, Переносное оборудование / Ручные инструменты, Падающие предметы, Поддержание чистоты и порядка, Охрана окружающей среды, Опасные природные явления / Погодные условия, Монтажные и грузоподъемные работы, Наряд-допуск / Оценка риска, Выполнение требований инструкций",1,0,0.0
good_practice,"Вывешивание плакатов, Транспортировка, Работы в замкнутом пространстве",1,0,0.0
good_practice,"Вывешивание плакатов, Транспортировка, Работы в замкнутом пространстве, Взрыво- и пожароопасность, Сварка / Шлифовка / Отжиг, Проскальзывание / Спотыкание / Падение",1,0,0.0
good_practice,"Выполнение требований инструкций, Взрыво- и пожароопасность",1,0,0.0
good_practice,"Выполнение требований инструкций, Вождение",1,0,0.0
good_practice,"Выполнение требований инструкций, Вывешивание плакатов, Знаки безопасности / Предупредительные таблички, СИЗ / Средства по обеспечению безопасности",1,0,0.0
good_practice,"Выполнение требований инструкций, Земляные работы",1,0,0.0
good_practice,"Выполнение требований инструкций, Знаки безопасности / Предупредительные таблички, СИЗ / Средства по обеспечению безопасности, Вождение",1,0,0.0
good_practice,"Выполнение требований инструкций, Монтажные и грузоподъемные работы",1,0,0.0
good_practice,"Выполнение требований инструкций, Монтажные и грузоподъемные работы, Работы на высоте / Строительные леса, СИЗ / Средства по обеспечению безопасности",1,0,0.0
good_practice,"Выполнение требований инструкций, Опасные вещества/сероводород",1,0,0.0
good_practice,"Выполнение требований инструкций, Перемещение грузов вручную",1,0,0.0
good_practice,"Выполнение требований инструкций, Переносное оборудование / Ручные инструменты",1,0,0.0
good_practice,"Выполнение требований инструкций, Поддержание чистоты и порядка, Вождение",1,0,0.0
good_practice,"Выполнение требований инструкций, Проскальзывание / Спотыкание / Падение, Аварийное реагирование / Готовность к ЧС",1,0,0.0
good_practice,"Выполнение требований инструкций, Проскальзывание / Спотыкание / Падение, Опасные природные явления / Погодные условия",1,0,0.0
good_practice,"Выполнение требований инструкций, Работы в замкнутом пространстве",1,0,0.0
good_practice,"Выполнение требований инструкций, Работы на высоте / Строительные леса, Знаки безопасности / Предупредительные таблички, СИЗ / Средства по обеспечению безопасности",1,0,0.0
good_practice,"Выполнение требований инструкций, СИЗ / Средства по обеспечению безопасности",1,0,0.0
good_practice,"Выполнение требований инструкций, СИЗ / Средства по обеспечению безопасности, Опасные природные явления / Погодные условия",1,0,0.0
good_practice,"Выполнение требований инструкций, СИЗ / Средства по обеспечению безопасности, Переносное оборудование / Ручные инструменты, Машины и оборудование, Целостность объекта / Оборудования, Рабочее место / Эргономика, Проскальзывание / Спотыкание / Падение",1,0,0.0
good_practice,"Выполнение требований инструкций, Санитарно-бытовые помещения",1,0,0.0
good_practice,"Выполнение требований инструкций, Транспортировка, СИЗ / Средства по обеспечению безопасности, Переносное оборудование / Ручные инструменты, Машины и оборудование, Проскальзывание / Спотыкание / Падение, Падающие предметы, Монтажные и грузоподъемные работы, Работы на высоте / Строительные леса",1,0,0.0
good_practice,"Выполнение требований инструкций, Трубопроводы / Подземные коммуникации",1,0,0.0
good_practice,"Выполнение требований инструкций, Трубопроводы / Подземные коммуникации, Сварка / Шлифовка / Отжиг",1,0,0.0
good_practice,"Выполнение требований инструкций, Целостность объекта / Оборудования, Испытание под давлением, Охрана окружающей среды",1,0,0.0
good_practice,"Земляные работы, Выполнение требований инструкций",1,0,0.0
good_practice,"Земляные работы, Монтажные и грузоподъемные работы, Выполнение требований инструкций",1,0,0.0
good_practice,"Земляные работы, Монтажные и грузоподъемные работы, Работы в замкнутом пространстве, Проскальзывание / Спотыкание / Падение, СИЗ / Средства по обеспечению безопасности, Падающие предметы, Рабочее место / Эргономика, Электрооборудование, Выполнение требований инструкций, Испытание под давлением",1,0,0.0
good_practice,"Земляные работы, Охрана окружающей среды, Выполнение требований инструкций",1,0,0.0
good_practice,"Земляные работы, Поддержание чистоты и порядка, Знаки безопасности / Предупредительные таблички, Переносное оборудование / Ручные инструменты",1,0,0.0
good_practice,"Земляные работы, Работы на высоте / Строительные леса, Монтажные и грузоподъемные работы, Выполнение требований инструкций",1,0,0.0
good_practice,"Земляные работы, СИЗ / Средства по обеспечению безопасности",1,0,0.0
good_practice,"Земляные работы, СИЗ / Средства по обеспечению безопасности, Рабочее место / Эргономика",1,0,0.0
good_practice,"Земляные работы, Целостность объекта / Оборудования, Электрооборудование, Выполнение требований инструкций",1,0,0.0
good_practice,"Знаки безопасности / Предупредительные таблички, Вождение",1,0,0.0
good_practice,"Знаки безопасности / Предупредительные таблички, Вывешивание плакатов",1,0,0.0
good_practice,"Знаки безопасности / Предупредительные таблички, Вывешивание плакатов, Работы на высоте / Строительные леса, СИЗ / Средства по обеспечению безопасности, Выполнение требований инструкций",1,0,0.0
good_practice,"Знаки безопасности / Предупредительные таблички, Вывешивание плакатов, СИЗ / Средства по обеспечению безопасности, Выполнение требований инструкций, Работы на высоте / Строительные леса",1,0,0.0
good_practice,"Знаки безопасности / Предупредительные таблички, Выполнение требований инструкций",1,0,0.0
good_practice,"Знаки безопасности / Предупредительные таблички, Выполнение требований инструкций, Монтажные и грузоподъемные работы, Работы в замкнутом пространстве, Машины и оборудование, Наряд-допуск / Оценка риска, СИЗ / Средства по обеспечению безопасности, Переносное оборудование / Ручные инструменты, Рабочее место / Эргономика",1,0,0.0
good_practice,"Знаки безопасности / Предупредительные таблички, Земляные работы",1,0,0.0
good_practice,"Знаки безопасности / Предупредительные таблички, Земляные работы, Трубопроводы / Подземные коммуникации",1,0,0.0
good_practice,"Знаки безопасности / Предупредительные таблички, Наряд-допуск / Оценка риска",1,0,0.0
good_practice,"Знаки безопасности / Предупредительные таблички, Охрана окружающей среды",1,0,0.0
good_practice,"Знаки безопасности / Предупредительные таблички, Поддержание чистоты и порядка, Охрана окружающей среды, Рабочее место / Эргономика",1,0,0.0
good_practice,"Знаки безопасности / Предупредительные таблички, Поддержание чистоты и порядка, СИЗ / Средства по обеспечению безопасности, Перемещение грузов вручную, Машины и оборудование",1,0,0.0
good_practice,"Знаки безопасности / Предупредительные таблички, Поддержание чистоты и порядка, Электрооборудование, Выполнение требований инструкций, СИЗ / Средства по обеспечению безопасности, Наряд-допуск / Оценка риска",1,0,0.0
good_practice,"Знаки безопасности / Предупредительные таблички, Поддержание чистоты и порядка, Электрооборудование, Проскальзывание / Спотыкание / Падение",1,0,0.0
good_practice,"Знаки безопасности / Предупредительные таблички, Работы на высоте / Строительные леса",1,0,0.0
good_practice,"Знаки безопасности / Предупредительные таблички, Работы на высоте / Строительные леса, Земляные работы, СИЗ / Средства по обеспечению безопасности",1,0,0.0
good_practice,"Знаки безопасности / Предупредительные таблички, Работы на высоте / Строительные леса, Наряд-допуск / Оценка риска",1,0,0.0
good_practice,"Знаки безопасности / Предупредительные таблички, Работы на высоте / Строительные леса, СИЗ / Средства по обеспечению безопасности, Выполнение требований инструкций",1,0,0.0
good_practice,"Знаки безопасности / Предупредительные таблички, СИЗ / Средства по обеспечению безопасности, Машины и оборудование, Вождение",1,0,0.0
good_practice,"Знаки безопасности / Предупредительные таблички, СИЗ / Средства по обеспечению безопасности, Переносное оборудование / Ручные инструменты, Поддержание чистоты и порядка",1,0,0.0
good_practice,"Знаки безопасности / Предупредительные таблички, СИЗ / Средства по обеспечению безопасности, Переносное оборудование / Ручные инструменты, Поддержание чистоты и порядка, Наряд-допуск / Оценка риска",1,0,0.0
good_practice,"Знаки безопасности / Предупредительные таблички, СИЗ / Средства по обеспечению безопасности, Работы на высоте / Строительные леса, Земляные работы, Охрана окружающей среды, Наряд-допуск / Оценка риска",1,0,0.0
good_practice,"Знаки безопасности / Предупредительные таблички, СИЗ / Средства по обеспечению безопасности, Санитарно-бытовые помещения",1,0,0.0
good_practice,"Знаки безопасности / Предупредительные таблички, СИЗ / Средства по обеспечению безопасности, Целостность объекта / Оборудования, Поддержание чистоты и порядка, Рабочее место / Эргономика, Машины и оборудование, Испытание под давлением",1,0,0.0
good_practice,"Знаки безопасности / Предупредительные таблички, Трубопроводы / Подземные коммуникации, Вождение, Целостность объекта / Оборудования",1,0,0.0
good_practice,"Знаки безопасности / Предупредительные таблички, Трубопроводы / Подземные коммуникации, Наряд-допуск / Оценка риска",1,0,0.0
good_practice,"Знаки безопасности / Предупредительные таблички, Трубопроводы / Подземные коммуникации, Поддержание чистоты и порядка, Выполнение требований инструкций, СИЗ / Средства по обеспечению безопасности, Земляные работы",1,0,0.0
good_practice,"Знаки безопасности / Предупредительные таблички, Электрооборудование, Рабочее место / Эргономика, СИЗ / Средства по обеспечению безопасности",1,0,0.0
good_practice,"Испытание под давлением, Трубопроводы / Подземные коммуникации, Выполнение требований инструкций",1,0,0.0
good_practice,"Испытание под давлением, Трубопроводы / Подземные коммуникации, Поддержание чистоты и порядка, Охрана окружающей среды, Знаки безопасности / Предупредительные таблички, Сварка / Шлифовка / Отжиг",1,0,0.0
good_practice,"Машины и оборудование, Вождение",1,0,0.0
good_practice,"Машины и оборудование, Выполнение требований инструкций",1,0,0.0
good_practice,"Машины и оборудование, Выполнение требований инструкций, Охрана окружающей среды, Испытание под давлением, Целостность объекта / Оборудования",1,0,0.0
good_practice,"Машины и оборудование, Опасные вещества/сероводород, Выполнение требований инструкций, Рабочее место / Эргономика, СИЗ / Средства по обеспечению безопасности, Аварийное реагирование / Готовность к ЧС, Земляные работы, Работы на высоте / Строительные леса, Знаки безопасности / Предупредительные таблички, Проскальзывание / Спотыкание / Падение, Взрыво- и пожароопасность, Транспортировка",1,0,0.0
good_practice,"Машины и оборудование, Охрана окружающей среды, Целостность объекта / Оборудования, Испытание под давлением",1,0,0.0
good_practice,"Машины и оборудование, Переносное оборудование / Ручные инструменты",1,0,0.0
good_practice,"Машины и оборудование, Рабочее место / Эргономика, Проскальзывание / Спотыкание / Падение, Выполнение требований инструкций",1,0,0.0
good_practice,"Машины и оборудование, Рабочее место / Эргономика, Сварка / Шлифовка / Отжиг, Электрооборудование",1,0,0.0
good_practice,"Монтажные и грузоподъемные работы, Машины и оборудование",1,0,0.0
good_practice,"Монтажные и грузоподъемные работы, Наряд-допуск / Оценка риска, Выполнение требований инструкций, Сварка / Шлифовка / Отжиг, Знаки безопасности / Предупредительные таблички, СИЗ / Средства по обеспечению безопасности, Переносное оборудование / Ручные инструменты",1,0,0.0
good_practice,"Монтажные и грузоподъемные работы, Наряд-допуск / Оценка риска, СИЗ / Средства по обеспечению безопасности",1,0,0.0
good_practice,"Монтажные и грузоподъемные работы, Поддержание чистоты и порядка",1,0,0.0
good_practice,"Монтажные и грузоподъемные работы, Работы на высоте / Строительные леса",1,0,0.0
good_practice,"Монтажные и грузоподъемные работы, СИЗ / Средства по обеспечению безопасности",1,0,0.0
good_practice,"Монтажные и грузоподъемные работы, Электрооборудование",1,0,0.0
good_practice,"Наряд-допуск / Оценка риска, Вождение",1,0,0.0
good_practice,"Наряд-допуск / Оценка риска, Выполнение требований инструкций, Взрыво- и пожароопасность",1,0,0.0
good_practice,"Наряд-допуск / Оценка риска, Выполнение требований инструкций, Охрана окружающей среды, Испытание под давлением",1,0,0.0
good_practice,"Наряд-допуск / Оценка риска, Выполнение требований инструкций, Охрана окружающей среды, Испытание под давлением, Земляные работы",1,0,0.0
good_practice,"Наряд-допуск / Оценка риска, Выполнение требований инструкций, СИЗ / Средства по обеспечению безопасности, Машины и оборудование",1,0,0.0
good_practice,"Наряд-допуск / Оценка риска, Выполнение требований инструкций, СИЗ / Средства по обеспечению безопасности, Поддержание чистоты и порядка",1,0,0.0
good_practice,"Наряд-допуск / Оценка риска, Монтажные и грузоподъемные работы",1,0,0.0
good_practice,"Наряд-допуск / Оценка риска, Охрана окружающей среды",1,0,0.0
good_practice,"Наряд-допуск / Оценка риска, Сварка / Шлифовка / Отжиг",1,0,0.0
good_practice,"Наряд-допуск / Оценка риска, Электрооборудование, Целостность объекта / Оборудования",1,0,0.0
good_practice,"Опасные вещества/сероводород, Рабочее место / Эргономика",1,0,0.0
good_practice,"Охрана окружающей среды, Выполнение требований инструкций",1,0,0.0
good_practice,"Охрана окружающей среды, Знаки безопасности / Предупредительные таблички, Выполнение требований инструкций, СИЗ / Средства по обеспечению безопасности, Целостность объекта / Оборудования, Опасные вещества/сероводород",1,0,0.0
good_practice,"Охрана окружающей среды, Испытание под давлением",1,0,0.0
good_practice,"Охрана окружающей среды, Проскальзывание / Спотыкание / Падение, Опасные вещества/сероводород",1,0,0.0
good_practice,"Охрана окружающей среды, Рабочее место / Эргономика",1,0,0.0
good_practice,"Падающие предметы, Машины и оборудование",1,0,0.0
good_practice,"Переносное оборудование / Ручные инструменты, Выполнение требований инструкций",1,0,0.0
good_practice,"Переносное оборудование / Ручные инструменты, Выполнение требований инструкций, Сварка / Шлифовка / Отжиг",1,0,0.0
good_practice,"Переносное оборудование / Ручные инструменты, Поддержание чистоты и порядка, Рабочее место / Эргономика, Выполнение требований инструкций",1,0,0.0
good_practice,"Переносное оборудование / Ручные инструменты, СИЗ / Средства по обеспечению безопасности",1,0,0.0
good_practice,"Переносное оборудование / Ручные инструменты, Электрооборудование",1,0,0.0
good_practice,"Поддержание чистоты и порядка, Аварийное реагирование / Готовность к ЧС",1,0,0.0
good_practice,"Поддержание чистоты и порядка, Выполнение требований инструкций, Рабочее место / Эргономика",1,0,0.0
good_practice,"Поддержание чистоты и порядка, Выполнение требований инструкций, СИЗ / Средства по обеспечению безопасности, Переносное оборудование / Ручные инструменты, Рабочее место / Эргономика, Машины и оборудование, Целостность объекта / Оборудования",1,0,0.0
good_practice,"Поддержание чистоты и порядка, Знаки безопасности / Предупредительные таблички",1,0,0.0
good_practice,"Поддержание чистоты и порядка, Машины и оборудование, Вождение",1,0,0.0
good_practice,"Поддержание чистоты и порядка, Наряд-допуск / Оценка риска, Вождение",1,0,0.0
good_practice,"Поддержание чистоты и порядка, Охрана окружающей среды, Выполнение требований инструкций, Взрыво- и пожароопасность",1,0,0.0
good_practice,"Поддержание чистоты и порядка, Охрана окружающей среды, Выполнение требований инструкций, СИЗ / Средства по обеспечению безопасности, Рабочее место / Эргономика",1,0,0.0
good_practice,"Поддержание чистоты и порядка, Охрана окружающей среды, Выполнение требований инструкций, СИЗ / Средства по обеспечению безопасности, Рабочее место / Эргономика, Опасные вещества/сероводород",1,0,0.0
good_practice,"Поддержание чистоты и порядка, Охрана окружающей среды, Опасные природные явления / Погодные условия",1,0,0.0
good_practice,"Поддержание чистоты и порядка, Охрана окружающей среды, Опасные природные явления / Погодные условия, Выполнение требований инструкций, СИЗ / Средства по обеспечению безопасности, Санитарно-бытовые помещения, Рабочее место / Эргономика, Проскальзывание / Спотыкание / Падение, Опасные вещества/сероводород",1,0,0.0
good_practice,"Поддержание чистоты и порядка, Падающие предметы",1,0,0.0
good_practice,"Поддержание чистоты и порядка, Работы на высоте / Строительные леса, Работы в замкнутом пространстве, Рабочее место / Эргономика",1,0,0.0
good_practice,"Поддержание чистоты и порядка, Рабочее место / Эргономика, Машины и оборудование",1,0,0.0
good_practice,"Поддержание чистоты и порядка, Рабочее место / Эргономика, Охрана окружающей среды, Санитарно-бытовые помещения, Машины и оборудование",1,0,0.0
good_practice,"Поддержание чистоты и порядка, Рабочее место / Эргономика, Работы в замкнутом пространстве, Санитарно-бытовые помещения",1,0,0.0
good_practice,"Поддержание чистоты и порядка, Санитарно-бытовые помещения, Проскальзывание / Спотыкание / Падение, Работы в замкнутом пространстве, Падающие предметы",1,0,0.0
good_practice,"Поддержание чистоты и порядка, Санитарно-бытовые помещения, Рабочее место / Эргономика",1,0,0.0
good_practice,"Поддержание чистоты и порядка, Электрооборудование, Выполнение требований инструкций, Охрана окружающей среды, СИЗ / Средства по обеспечению безопасности, Рабочее место / Эргономика, Переносное оборудование / Ручные инструменты, Опасные вещества/сероводород",1,0,0.0
good_practice,"Проскальзывание / Спотыкание / Падение, Взрыво- и пожароопасность",1,0,0.0
good_practice,"Проскальзывание / Спотыкание / Падение, Взрыво- и пожароопасность, Целостность объекта / Оборудования, СИЗ / Средства по обеспечению безопасности, Аварийное реагирование / Готовность к ЧС, Падающие предметы, Переносное оборудование / Ручные инструменты, Поддержание чистоты и порядка, Охрана окружающей среды, Монтажные и грузоподъемные работы, Перемещение грузов вручную, Электрооборудование, Опасные вещества/сероводород, Выполнение требований инструкций",1,0,0.0
good_practice,"Проскальзывание / Спотыкание / Падение, Выполнение требований инструкций, Аварийное реагирование / Готовность к ЧС",1,0,0.0
good_practice,"Проскальзывание / Спотыкание / Падение, Охрана окружающей среды",1,0,0.0
good_practice,"Проскальзывание / Спотыкание / Падение, Рабочее место / Эргономика",1,0,0.0
good_practice,"Проскальзывание / Спотыкание / Падение, СИЗ / Средства по обеспечению безопасности, Поддержание чистоты и порядка, Охрана окружающей среды, Санитарно-бытовые помещения, Рабочее место / Эргономика, Выполнение требований инструкций, Наряд-допуск / Оценка риска, Электрооборудование",1,0,0.0
good_practice,"Проскальзывание / Спотыкание / Падение, СИЗ / Средства по обеспечению безопасности, Целостность объекта / Оборудования, Аварийное реагирование / Готовность к ЧС, Охрана окружающей среды, Монтажные и грузоподъемные работы, Выполнение требований инструкций, Опасные вещества/сероводород",1,0,0.0
good_practice,"Проскальзывание / Спотыкание / Падение, Санитарно-бытовые помещения",1,0,0.0
good_practice,"Работы в замкнутом пространстве, Взрыво- и пожароопасность",1,0,0.0
good_practice,"Работы в замкнутом пространстве, Взрыво- и пожароопасность, Земляные работы, Целостность объекта / Оборудования, Переносное оборудование / Ручные инструменты",1,0,0.0
good_practice,"Работы в замкнутом пространстве, Взрыво- и пожароопасность, Проскальзывание / Спотыкание / Падение, Знаки безопасности / Предупредительные таблички, Земляные работы, Аварийное реагирование / Готовность к ЧС, СИЗ / Средства по обеспечению безопасности, Целостность объекта / Оборудования, Трубопроводы / Подземные коммуникации, Переносное оборудование / Ручные инструменты, Падающие предметы, Поддержание чистоты и порядка, Санитарно-бытовые помещения, Испытание под давлением, Охрана окружающей среды, Рабочее место / Эргономика, Опасные природные явления / Погодные условия, Монтажные и грузоподъемные работы, Перемещение грузов вручную, Электрооборудование, Наряд-допуск / Оценка риска",1,0,0.0
good_practice,"Работы в замкнутом пространстве, Взрыво- и пожароопасность, Работы на высоте / Строительные леса",1,0,0.0
good_practice,"Работы в замкнутом пространстве, Взрыво- и пожароопасность, Работы на высоте / Строительные леса, Электрооборудование",1,0,0.0
good_practice,"Работы в замкнутом пространстве, Взрыво- и пожароопасность, Сварка / Шлифовка / Отжиг",1,0,0.0
good_practice,"Работы в замкнутом пространстве, Выполнение требований инструкций, Наряд-допуск / Оценка риска, Поддержание чистоты и порядка",1,0,0.0
good_practice,"Работы в замкнутом пространстве, Проскальзывание / Спотыкание / Падение, Взрыво- и пожароопасность, Знаки безопасности / Предупредительные таблички, СИЗ / Средства по обеспечению безопасности, Переносное оборудование / Ручные инструменты, Падающие предметы, Поддержание чистоты и порядка, Монтажные и грузоподъемные работы, Перемещение грузов вручную, Опасные вещества/сероводород, Выполнение требований инструкций",1,0,0.0
good_practice,"Работы в замкнутом пространстве, Проскальзывание / Спотыкание / Падение, Знаки безопасности / Предупредительные таблички, СИЗ / Средства по обеспечению безопасности, Трубопроводы / Подземные коммуникации, Переносное оборудование / Ручные инструменты, Падающие предметы, Поддержание чистоты и порядка, Наряд-допуск / Оценка риска, Выполнение требований инструкций",1,0,0.0
good_practice,"Работы в замкнутом пространстве, Проскальзывание / Спотыкание / Падение, Знаки безопасности / Предупредительные таблички, СИЗ / Средства по обеспечению безопасности, Трубопроводы / Подземные коммуникации, Поддержание чистоты и порядка, Охрана окружающей среды, Опасные природные явления / Погодные условия, Электрооборудование, Выполнение требований инструкций",1,0,0.0
good_practice,"Работы в замкнутом пространстве, Проскальзывание / Спотыкание / Падение, Переносное оборудование / Ручные инструменты, Санитарно-бытовые помещения, Поддержание чистоты и порядка, Охрана окружающей среды",1,0,0.0
good_practice,"Работы в замкнутом пространстве, Работы на высоте / Строительные леса, Падающие предметы",1,0,0.0
good_practice,"Работы в замкнутом пространстве, Электрооборудование",1,0,0.0
good_practice,"Работы на высоте / Строительные леса, Взрыво- и пожароопасность, Работы в замкнутом пространстве, Падающие предметы, Монтажные и грузоподъемные работы",1,0,0.0
good_practice,"Работы на высоте / Строительные леса, Вывешивание плакатов, Электрооборудование",1,0,0.0
good_practice,"Работы на высоте / Строительные леса, Знаки безопасности / Предупредительные таблички, Выполнение требований инструкций, СИЗ / Средства по обеспечению безопасности",1,0,0.0
good_practice,"Работы на высоте / Строительные леса, Знаки безопасности / Предупредительные таблички, Поддержание чистоты и порядка",1,0,0.0
good_practice,"Работы на высоте / Строительные леса, Испытание под давлением, Рабочее место / Эргономика",1,0,0.0
good_practice,"Работы на высоте / Строительные леса, Наряд-допуск / Оценка риска, СИЗ / Средства по обеспечению безопасности",1,0,0.0
good_practice,"Работы на высоте / Строительные леса, Падающие предметы",1,0,0.0
good_practice,"Работы на высоте / Строительные леса, Падающие предметы, Электрооборудование, Монтажные и грузоподъемные работы",1,0,0.0
good_practice,"Работы на высоте / Строительные леса, Проскальзывание / Спотыкание / Падение, Наряд-допуск / Оценка риска",1,0,0.0
good_practice,"Работы на высоте / Строительные леса, Работы в замкнутом пространстве",1,0,0.0
good_practice,"Работы на высоте / Строительные леса, Рабочее место / Эргономика",1,0,0.0
good_practice,"Работы на высоте / Строительные леса, СИЗ / Средства по обеспечению безопасности",1,0,0.0
good_practice,"Рабочее место / Эргономика, Выполнение требований инструкций",1,0,0.0
good_practice,"Рабочее место / Эргономика, Машины и оборудование, Опасные вещества/сероводород",1,0,0.0
good_practice,"Рабочее место / Эргономика, Падающие предметы",1,0,0.0
good_practice,"Рабочее место / Эргономика, Проскальзывание / Спотыкание / Падение",1,0,0.0
good_practice,"Рабочее место / Эргономика, СИЗ / Средства по обеспечению безопасности, Машины и оборудование, Перемещение грузов вручную",1,0,0.0
good_practice,"СИЗ / Средства по обеспечению безопасности, Выполнение требований инструкций, Машины и оборудование, Вождение",1,0,0.0
good_practice,"СИЗ / Средства по обеспечению безопасности, Выполнение требований инструкций, Наряд-допуск / Оценка риска",1,0,0.0
good_practice,"СИЗ / Средства по обеспечению безопасности, Выполнение требований инструкций, Поддержание чистоты и порядка, Машины и оборудование",1,0,0.0
good_practice,"СИЗ / Средства по обеспечению безопасности, Выполнение требований инструкций, Транспортировка",1,0,0.0
good_practice,"СИЗ / Средства по обеспечению безопасности, Земляные работы, Транспортировка, Машины и оборудование, Электрооборудование, Охрана окружающей среды, Целостность объекта / Оборудования",1,0,0.0
good_practice,"СИЗ / Средства по обеспечению безопасности, Знаки безопасности / Предупредительные таблички, Вывешивание плакатов",1,0,0.0
good_practice,"СИЗ / Средства по обеспечению безопасности, Машины и оборудование, Выполнение требований инструкций, Рабочее место / Эргономика",1,0,0.0
good_practice,"СИЗ / Средства по обеспечению безопасности, Машины и оборудование, Испытание под давлением, Охрана окружающей среды",1,0,0.0
good_practice,"СИЗ / Средства по обеспечению безопасности, Монтажные и грузоподъемные работы",1,0,0.0
good_practice,"СИЗ / Средства по обеспечению безопасности, Монтажные и грузоподъемные работы, Наряд-допуск / Оценка риска",1,0,0.0
good_practice,"СИЗ / Средства по обеспечению безопасности, Монтажные и грузоподъемные работы, Наряд-допуск / Оценка риска, Знаки безопасности / Предупредительные таблички, Поддержание чистоты и порядка",1,0,0.0
good_practice,"СИЗ / Средства по обеспечению безопасности, Монтажные и грузоподъемные работы, Наряд-допуск / Оценка риска, Падающие предметы, Поддержание чистоты и порядка",1,0,0.0
good_practice,"СИЗ / Средства по обеспечению безопасности, Падающие предметы, Перемещение грузов вручную",1,0,0.0
good_practice,"СИЗ / Средства по обеспечению безопасности, Падающие предметы, Транспортировка, Электрооборудование",1,0,0.0
good_practice,"СИЗ / Средства по обеспечению безопасности, Переносное оборудование / Ручные инструменты, Поддержание чистоты и порядка, Охрана окружающей среды, Знаки безопасности / Предупредительные таблички, Взрыво- и пожароопасность, Аварийное реагирование / Готовность к ЧС, Трубопроводы / Подземные коммуникации, Рабочее место / Эргономика, Санитарно-бытовые помещения, Целостность объекта / Оборудования, Выполнение требований инструкций",1,0,0.0
good_practice,"СИЗ / Средства по обеспечению безопасности, Переносное оборудование / Ручные инструменты, Поддержание чистоты и порядка, Электрооборудование, Выполнение требований инструкций",1,0,0.0
good_practice,"СИЗ / Средства по обеспечению безопасности, Переносное оборудование / Ручные инструменты, Санитарно-бытовые помещения, Рабочее место / Эргономика, Охрана окружающей среды, Поддержание чистоты и порядка, Ионизирующее излучение, Опасные вещества/сероводород",1,0,0.0
good_practice,"СИЗ / Средства по обеспечению безопасности, Поддержание чистоты и порядка, Выполнение требований инструкций",1,0,0.0
good_practice,"СИЗ / Средства по обеспечению безопасности, Поддержание чистоты и порядка, Охрана окружающей среды, Выполнение требований инструкций",1,0,0.0
good_practice,"СИЗ / Средства по обеспечению безопасности, Поддержание чистоты и порядка, Санитарно-бытовые помещения, Перемещение грузов вручную, Транспортировка",1,0,0.0
good_practice,"СИЗ / Средства по обеспечению безопасности, Проскальзывание / Спотыкание / Падение, Рабочее место / Эргономика",1,0,0.0
good_practice,"СИЗ / Средства по обеспечению безопасности, Рабочее место / Эргономика",1,0,0.0
good_practice,"СИЗ / Средства по обеспечению безопасности, Рабочее место / Эргономика, Машины и оборудование, Выполнение требований инструкций",1,0,0.0
good_practice,"СИЗ / Средства по обеспечению безопасности, Рабочее место / Эргономика, Наряд-допуск / Оценка риска, Выполнение требований инструкций",1,0,0.0
good_practice,"СИЗ / Средства по обеспечению безопасности, Рабочее место / Эргономика, Опасные вещества/сероводород",1,0,0.0
good_practice,"СИЗ / Средства по обеспечению безопасности, Рабочее место / Эргономика, Поддержание чистоты и порядка, Знаки безопасности / Предупредительные таблички",1,0,0.0
good_practice,"СИЗ / Средства по обеспечению безопасности, Сварка / Шлифовка / Отжиг, Наряд-допуск / Оценка риска, Знаки безопасности / Предупредительные таблички, Переносное оборудование / Ручные инструменты",1,0,0.0
good_practice,"СИЗ / Средства по обеспечению безопасности, Трубопроводы / Подземные коммуникации, Поддержание чистоты и порядка, Санитарно-бытовые помещения, Охрана окружающей среды",1,0,0.0
good_practice,"СИЗ / Средства по обеспечению безопасности, Целостность объекта / Оборудования, Выполнение требований инструкций, Поддержание чистоты и порядка, Санитарно-бытовые помещения, Рабочее место / Эргономика",1,0,0.0
good_practice,"СИЗ / Средства по обеспечению безопасности, Электрооборудование",1,0,0.0
good_practice,"Санитарно-бытовые помещения, Охрана окружающей среды",1,0,0.0
good_practice,"Санитарно-бытовые помещения, Охрана окружающей среды, Рабочее место / Эргономика",1,0,0.0
good_practice,"Санитарно-бытовые помещения, Поддержание чистоты и порядка, Рабочее место / Эргономика",1,0,0.0
good_practice,"Санитарно-бытовые помещения, Рабочее место / Эргономика",1,0,0.0
good_practice,"Санитарно-бытовые помещения, Рабочее место / Эргономика, Наряд-допуск / Оценка риска, Перемещение грузов вручную, Поддержание чистоты и порядка, СИЗ / Средства по обеспечению безопасности",1,0,0.0
good_practice,"Сварка / Шлифовка / Отжиг, Знаки безопасности / Предупредительные таблички, Трубопроводы / Подземные коммуникации, СИЗ / Средства по обеспечению безопасности, Переносное оборудование / Ручные инструменты, Наряд-допуск / Оценка риска",1,0,0.0
good_practice,"Сварка / Шлифовка / Отжиг, Поддержание чистоты и порядка, Электрооборудование, Выполнение требований инструкций, Взрыво- и пожароопасность",1,0,0.0
good_practice,"Сварка / Шлифовка / Отжиг, Работы на высоте / Строительные леса, СИЗ / Средства по обеспечению безопасности, Переносное оборудование / Ручные инструменты, Рабочее место / Эргономика, Перемещение грузов вручную, Работы в замкнутом пространстве, Проскальзывание / Спотыкание / Падение, Земляные работы, Падающие предметы, Монтажные и грузоподъемные работы, Наряд-допуск / Оценка риска, Транспортировка, Вождение, Машины и оборудование, Взрыво- и пожароопасность, Знаки безопасности / Предупредительные таблички, Поддержание чистоты и порядка, Охрана окружающей среды, Электрооборудование, Выполнение требований инструкций, Вывешивание плакатов",1,0,0.0
good_practice,"Сварка / Шлифовка / Отжиг, Рабочее место / Эргономика",1,0,0.0
good_practice,"Сварка / Шлифовка / Отжиг, СИЗ / Средства по обеспечению безопасности, Поддержание чистоты и порядка",1,0,0.0
good_practice,"Сварка / Шлифовка / Отжиг, Трубопроводы / Подземные коммуникации",1,0,0.0
good_practice,"Транспортировка, Взрыво- и пожароопасность, Знаки безопасности / Предупредительные таблички, Аварийное реагирование / Готовность к ЧС, Падающие предметы, Поддержание чистоты и порядка, Охрана окружающей среды, Опасные природные явления / Погодные условия, Электрооборудование, Выполнение требований инструкций",1,0,0.0
good_practice,"Транспортировка, Взрыво- и пожароопасность, Знаки безопасности / Предупредительные таблички, Аварийное реагирование / Готовность к ЧС, Трубопроводы / Подземные коммуникации, Поддержание чистоты и порядка, Охрана окружающей среды, Электрооборудование, Выполнение требований инструкций, Монтажные и грузоподъемные работы",1,0,0.0
good_practice,"Транспортировка, Взрыво- и пожароопасность, Знаки безопасности / Предупредительные таблички, Целостность объекта / Оборудования, Трубопроводы / Подземные коммуникации, Поддержание чистоты и порядка, Охрана окружающей среды, Опасные природные явления / Погодные условия, Наряд-допуск / Оценка риска, Выполнение требований инструкций",1,0,0.0
good_practice,"Транспортировка, Монтажные и грузоподъемные работы",1,0,0.0
good_practice,"Транспортировка, Наряд-допуск / Оценка риска",1,0,0.0
good_practice,"Транспортировка, Перемещение грузов вручную, Машины и оборудование",1,0,0.0
good_practice,"Транспортировка, Перемещение грузов вручную, Наряд-допуск / Оценка риска",1,0,0.0
good_practice,"Транспортировка, Поддержание чистоты и порядка, Охрана окружающей среды",1,0,0.0
good_practice,"Транспортировка, Поддержание чистоты и порядка, Охрана окружающей среды, Машины и оборудование, Вождение",1,0,0.0
good_practice,"Транспортировка, Проскальзывание / Спотыкание / Падение, Вождение",1,0,0.0
good_practice,"Транспортировка, Работы в замкнутом пространстве, Взрыво- и пожароопасность",1,0,0.0
good_practice,"Транспортировка, Работы в замкнутом пространстве, Взрыво- и пожароопасность, СИЗ / Средства по обеспечению безопасности, Трубопроводы / Подземные коммуникации, Санитарно-бытовые помещения, Монтажные и грузоподъемные работы, Наряд-допуск / Оценка риска, Выполнение требований инструкций, Вождение",1,0,0.0
good_practice,"Транспортировка, СИЗ / Средства по обеспечению безопасности, Целостность объекта / Оборудования, Поддержание чистоты и порядка",1,0,0.0
good_practice,"Транспортировка, СИЗ / Средства по обеспечению безопасности, Электрооборудование, Машины и оборудование",1,0,0.0
good_practice,"Транспортировка, Сварка / Шлифовка / Отжиг, Проскальзывание / Спотыкание / Падение, Знаки безопасности / Предупредительные таблички, Земляные работы, СИЗ / Средства по обеспечению безопасности, Трубопроводы / Подземные коммуникации, Переносное оборудование / Ручные инструменты, Падающие предметы, Поддержание чистоты и порядка, Санитарно-бытовые помещения, Охрана окружающей среды, Рабочее место / Эргономика, Монтажные и грузоподъемные работы, Машины и оборудование, Электрооборудование, Наряд-допуск / Оценка риска, Выполнение требований инструкций",1,0,0.0
good_practice,"Транспортировка, Трубопроводы / Подземные коммуникации",1,0,0.0
good_practice,"Трубопроводы / Подземные коммуникации, Вывешивание плакатов, Знаки безопасности / Предупредительные таблички, Наряд-допуск / Оценка риска, Вождение, Выполнение требований инструкций, Рабочее место / Эргономика, Поддержание чистоты и порядка",1,0,0.0
good_practice,"Трубопроводы / Подземные коммуникации, Выполнение требований инструкций, СИЗ / Средства по обеспечению безопасности, Переносное оборудование / Ручные инструменты, Проскальзывание / Спотыкание / Падение",1,0,0.0
good_practice,"Трубопроводы / Подземные коммуникации, Наряд-допуск / Оценка риска, Машины и оборудование, Вождение",1,0,0.0
good_practice,"Трубопроводы / Подземные коммуникации, Охрана окружающей среды, Наряд-допуск / Оценка риска, Вождение, Выполнение требований инструкций",1,0,0.0
good_practice,"Целостность объекта / Оборудования, Знаки безопасности / Предупредительные таблички",1,0,0.0
good_practice,"Целостность объекта / Оборудования, Машины и оборудование, СИЗ / Средства по обеспечению безопасности, Поддержание чистоты и порядка, Охрана окружающей среды",1,0,0.0
good_practice,"Целостность объекта / Оборудования, Наряд-допуск / Оценка риска, Вождение",1,0,0.0
good_practice,"Целостность объекта / Оборудования, Переносное оборудование / Ручные инструменты, Рабочее место / Эргономика, Машины и оборудование",1,0,0.0
good_practice,"Целостность объекта / Оборудования, Поддержание чистоты и порядка, Охрана окружающей среды",1,0,0.0
good_practice,"Целостность объекта / Оборудования, Электрооборудование",1,0,0.0
good_practice,"Целостность объекта / Оборудования, Электрооборудование, Наряд-допуск / Оценка риска",1,0,0.0
good_practice,"Электрооборудование, Выполнение требований инструкций, Вывешивание плакатов, Знаки безопасности / Предупредительные таблички, Поддержание чистоты и порядка, Охрана окружающей среды, СИЗ / Средства по обеспечению безопасности, Переносное оборудование / Ручные инструменты, Санитарно-бытовые помещения, Рабочее место / Эргономика, Целостность объекта / Оборудования, Падающие предметы, Наряд-допуск / Оценка риска",1,0,0.0
good_practice,"Электрооборудование, Выполнение требований инструкций, Рабочее место / Эргономика",1,0,0.0
good_practice,"Электрооборудование, Машины и оборудование",1,0,0.0
good_practice,"Электрооборудование, Машины и оборудование, Перемещение грузов вручную",1,0,0.0
good_practice,"Электрооборудование, Наряд-допуск / Оценка риска",1,0,0.0
good_practice,"Электрооборудование, Охрана окружающей среды",1,0,0.0
good_practice,"Электрооборудование, Рабочее место / Эргономика, СИЗ / Средства по обеспечению безопасности, Машины и оборудование",1,0,0.0
good_practice,"Электрооборудование, Санитарно-бытовые помещения",1,0,0.0
good_practice,"Электрооборудование, Сварка / Шлифовка / Отжиг",1,0,0.0
good_practice,"Электрооборудование, Целостность объекта / Оборудования",1,0,0.0
other,"Аварийное реагирование / Готовность к ЧС, Выполнение требований инструкций, Испытание под давлением",1,0,0.0
other,"Взрыво- и пожароопасность, Аварийное реагирование / Готовность к ЧС, Знаки безопасности / Предупредительные таблички",1,0,0.0
other,"Взрыво- и пожароопасность, Аварийное реагирование / Готовность к ЧС, Санитарно-бытовые помещения, Перемещение грузов вручную",1,0,0.0
other,"Взрыво- и пожароопасность, Знаки безопасности / Предупредительные таблички, СИЗ / Средства по обеспечению безопасности",1,0,0.0
other,"Взрыво- и пожароопасность, Знаки безопасности / Предупредительные таблички, Целостность объекта / Оборудования, Падающие предметы, Санитарно-бытовые помещения, Рабочее место / Эргономика, Монтажные и грузоподъемные работы, Машины и оборудование, Вождение",1,0,0.0
other,"Взрыво- и пожароопасность, Переносное оборудование / Ручные инструменты, Выполнение требований инструкций",1,0,0.0
other,"Взрыво- и пожароопасность, Поддержание чистоты и порядка",1,0,0.0
other,"Взрыво- и пожароопасность, Рабочее место / Эргономика, Электрооборудование",1,0,0.0
other,"Взрыво- и пожароопасность, СИЗ / Средства по обеспечению безопасности",1,0,0.0
other,"Взрыво- и пожароопасность, Сварка / Шлифовка / Отжиг",1,0,0.0
other,"Вождение, Выполнение требований инструкций",1,0,0.0
other,"Вождение, Машины и оборудование",1,0,0.0
other,"Вывешивание плакатов, Взрыво- и пожароопасность",1,0,0.0
other,"Вывешивание плакатов, Взрыво- и пожароопасность, Сварка / Шлифовка / Отжиг, Работы на высоте / Строительные леса, Целостность объекта / Оборудования, Падающие предметы",1,0,0.0
other,"Вывешивание плакатов, Вождение",1,0,0.0
other,"Вывешивание плакатов, Земляные работы, Падающие предметы",1,0,0.0
other,"Вывешивание плакатов, Знаки безопасности / Предупредительные таблички, Взрыво- и пожароопасность, Аварийное реагирование / Готовность к ЧС, Поддержание чистоты и порядка, Охрана окружающей среды, Электрооборудование, Выполнение требований инструкций, Вождение, Рабочее место / Эргономика, Переносное оборудование / Ручные инструменты, СИЗ / Средства по обеспечению безопасности, Работы на высоте / Строительные леса, Сварка / Шлифовка / Отжиг, Транспортировка, Работы в замкнутом пространстве, Проскальзывание / Спотыкание / Падение, Земляные работы, Целостность объекта / Оборудования, Падающие предметы, Испытание под давлением, Наряд-допуск / Оценка риска, Перемещение грузов вручную, Машины и оборудование, Опасные природные явления / Погодные условия, Опасные вещества/сероводород, Ионизирующее излучение, Монтажные и грузоподъемные работы, Трубопроводы / Подземные коммуникации, Санитарно-бытовые помещения",1,0,0.0
other,"Вывешивание плакатов, Наряд-допуск / Оценка риска, Опасные вещества/сероводород, Сварка / Шлифовка / Отжиг, Выполнение требований инструкций, Знаки безопасности / Предупредительные таблички, Взрыво- и пожароопасность",1,0,0.0
other,"Вывешивание плакатов, Транспортировка",1,0,0.0
other,"Вывешивание плакатов, Транспортировка, Работы в замкнутом пространстве, Взрыво- и пожароопасность, Сварка / Шлифовка / Отжиг, Проскальзывание / Спотыкание / Падение",1,0,0.0
other,"Вывешивание плакатов, Транспортировка, Работы в замкнутом пространстве, Взрыво- и пожароопасность, Сварка / Шлифовка / Отжиг, Проскальзывание / Спотыкание / Падение, Знаки безопасности / Предупредительные таблички, Земляные работы, СИЗ / Средства по обеспечению безопасности, Трубопроводы / Подземные коммуникации, Переносное оборудование / Ручные инструменты, Падающие предметы, Поддержание чистоты и порядка, Испытание под давлением, Охрана окружающей среды, Перемещение грузов вручную, Опасные природные явления / Погодные условия, Ионизирующее излучение, Рабочее место / Эргономика, Монтажные и грузоподъемные работы, Электрооборудование, Машины и оборудование, Наряд-допуск / Оценка риска, Выполнение требований инструкций, Вождение, Опасные вещества/сероводород",1,0,0.0
other,"Вывешивание плакатов, Целостность объекта / Оборудования",1,0,0.0
other,"Вывешивание плакатов, Электрооборудование",1,0,0.0
other,"Выполнение требований инструкций, Вывешивание плакатов",1,0,0.0
other,"Выполнение требований инструкций, Машины и оборудование, Электрооборудование, Трубопроводы / Подземные коммуникации",1,0,0.0
other,"Выполнение требований инструкций, Монтажные и грузоподъемные работы, Вывешивание плакатов, Знаки безопасности / Предупредительные таблички",1,0,0.0
other,"Выполнение требований инструкций, Поддержание чистоты и порядка",1,0,0.0
other,"Выполнение требований инструкций, Рабочее место / Эргономика, Падающие предметы, Проскальзывание / Спотыкание / Падение",1,0,0.0
other,"Выполнение требований инструкций, Рабочее место / Эргономика, Переносное оборудование / Ручные инструменты, Падающие предметы",1,0,0.0
other,"Выполнение требований инструкций, Санитарно-бытовые помещения",1,0,0.0
other,"Земляные работы, Выполнение требований инструкций, СИЗ / Средства по обеспечению безопасности",1,0,0.0
other,"Земляные работы, Падающие предметы, Машины и оборудование, Выполнение требований инструкций, Поддержание чистоты и порядка",1,0,0.0
other,"Земляные работы, Переносное оборудование / Ручные инструменты",1,0,0.0
other,"Земляные работы, Трубопроводы / Подземные коммуникации",1,0,0.0
other,"Земляные работы, Трубопроводы / Подземные коммуникации, Охрана окружающей среды",1,0,0.0
other,"Земляные работы, Целостность объекта / Оборудования, Выполнение требований инструкций",1,0,0.0
other,"Знаки безопасности / Предупредительные таблички, Машины и оборудование",1,0,0.0
other,"Знаки безопасности / Предупредительные таблички, Поддержание чистоты и порядка, Электрооборудование, Выполнение требований инструкций, Переносное оборудование / Ручные инструменты, Проскальзывание / Спотыкание / Падение, Испытание под давлением",1,0,0.0
other,"Знаки безопасности / Предупредительные таблички, Рабочее место / Эргономика",1,0,0.0
other,"Знаки безопасности / Предупредительные таблички, Электрооборудование",1,0,0.0
other,"Знаки безопасности / Предупредительные таблички, Электрооборудование, Выполнение требований инструкций",1,0,0.0
other,"Знаки безопасности / Предупредительные таблички, Электрооборудование, Переносное оборудование / Ручные инструменты, СИЗ / Средства по обеспечению безопасности, Наряд-допуск / Оценка риска, Падающие предметы, Проскальзывание / Спотыкание / Падение",1,0,0.0
other,"Испытание под давлением, Поддержание чистоты и порядка",1,0,0.0
other,"Машины и оборудование, Вождение",1,0,0.0
other,"Машины и оборудование, Выполнение требований инструкций",1,0,0.0
other,"Машины и оборудование, Выполнение требований инструкций, Трубопроводы / Подземные коммуникации, Переносное оборудование / Ручные инструменты",1,0,0.0
other,"Машины и оборудование, Охрана окружающей среды",1,0,0.0
other,"Машины и оборудование, Рабочее место / Эргономика, Выполнение требований инструкций",1,0,0.0
other,"Машины и оборудование, Целостность объекта / Оборудования",1,0,0.0
other,"Монтажные и грузоподъемные работы, Наряд-допуск / Оценка риска",1,0,0.0
other,"Монтажные и грузоподъемные работы, Падающие предметы, Проскальзывание / Спотыкание / Падение, Машины и оборудование, Выполнение требований инструкций, СИЗ / Средства по обеспечению безопасности, Опасные вещества/сероводород",1,0,0.0
other,"Монтажные и грузоподъемные работы, Работы на высоте / Строительные леса, Выполнение требований инструкций",1,0,0.0
other,"Монтажные и грузоподъемные работы, Электрооборудование, Наряд-допуск / Оценка риска, СИЗ / Средства по обеспечению безопасности, Работы на высоте / Строительные леса",1,0,0.0
other,"Наряд-допуск / Оценка риска, Вывешивание плакатов, Электрооборудование, Сварка / Шлифовка / Отжиг, СИЗ / Средства по обеспечению безопасности, Монтажные и грузоподъемные работы",1,0,0.0
other,"Наряд-допуск / Оценка риска, Выполнение требований инструкций, Работы на высоте / Строительные леса",1,0,0.0
other,"Наряд-допуск / Оценка риска, Рабочее место / Эргономика",1,0,0.0
other,"Опасные вещества/сероводород, Перемещение грузов вручную, Монтажные и грузоподъемные работы, Наряд-допуск / Оценка риска, Выполнение требований инструкций, Вывешивание плакатов, Взрыво- и пожароопасность, Проскальзывание / Спотыкание / Падение, Знаки безопасности / Предупредительные таблички, Аварийное реагирование / Готовность к ЧС, СИЗ / Средства по обеспечению безопасности, Целостность объекта / Оборудования, Трубопроводы / Подземные коммуникации, Переносное оборудование / Ручные инструменты, Падающие предметы, Поддержание чистоты и порядка, Охрана окружающей среды, Рабочее место / Эргономика, Ионизирующее излучение, Опасные природные явления / Погодные условия",1,0,0.0
other,"Опасные вещества/сероводород, СИЗ / Средства по обеспечению безопасности",1,0,0.0
other,"Опасные природные явления / Погодные условия, Охрана окружающей среды",1,0,0.0
other,"Охрана окружающей среды, Выполнение требований инструкций",1,0,0.0
other,"Охрана окружающей среды, Выполнение требований инструкций, Знаки безопасности / Предупредительные таблички, Вывешивание плакатов",1,0,0.0
other,"Охрана окружающей среды, Проскальзывание / Спотыкание / Падение",1,0,0.0
other,"Охрана окружающей среды, Рабочее место / Эргономика",1,0,0.0
other,"Падающие предметы, Монтажные и грузоподъемные работы",1,0,0.0
other,"Падающие предметы, Проскальзывание / Спотыкание / Падение",1,0,0.0
other,"Падающие предметы, Проскальзывание / Спотыкание / Падение, СИЗ / Средства по обеспечению безопасности, Переносное оборудование / Ручные инструменты, Перемещение грузов вручную, Выполнение требований инструкций, Поддержание чистоты и порядка",1,0,0.0
other,"Падающие предметы, Санитарно-бытовые помещения, Опасные природные явления / Погодные условия",1,0,0.0
other,"Падающие предметы, Целостность объекта / Оборудования",1,0,0.0
other,"Переносное оборудование / Ручные инструменты, Машины и оборудование, Выполнение требований инструкций, Целостность объекта / Оборудования",1,0,0.0
other,"Поддержание чистоты и порядка, Вывешивание плакатов",1,0,0.0
other,"Поддержание чистоты и порядка, Выполнение требований инструкций, СИЗ / Средства по обеспечению безопасности, Рабочее место / Эргономика, Целостность объекта / Оборудования, Проскальзывание / Спотыкание / Падение",1,0,0.0
other,"Поддержание чистоты и порядка, Проскальзывание / Спотыкание / Падение",1,0,0.0
other,"Проскальзывание / Спотыкание / Падение, Знаки безопасности / Предупредительные таблички",1,0,0.0
other,"Проскальзывание / Спотыкание / Падение, Монтажные и грузоподъемные работы, Земляные работы",1,0,0.0
other,"Проскальзывание / Спотыкание / Падение, Опасные природные явления / Погодные условия",1,0,0.0
other,"Проскальзывание / Спотыкание / Падение, Падающие предметы",1,0,0.0
other,"Проскальзывание / Спотыкание / Падение, Поддержание чистоты и порядка, Охрана окружающей среды, Рабочее место / Эргономика",1,0,0.0
other,"Проскальзывание / Спотыкание / Падение, Работы на высоте / Строительные леса, Наряд-допуск / Оценка риска",1,0,0.0
other,"Проскальзывание / Спотыкание / Падение, Работы на высоте / Строительные леса, Наряд-допуск / Оценка риска, Выполнение требований инструкций",1,0,0.0
other,"Проскальзывание / Спотыкание / Падение, Рабочее место / Эргономика",1,0,0.0
other,"Проскальзывание / Спотыкание / Падение, Рабочее место / Эргономика, Работы на высоте / Строительные леса",1,0,0.0
other,"Работы в замкнутом пространстве, Взрыво- и пожароопасность, Проскальзывание / Спотыкание / Падение, СИЗ / Средства по обеспечению безопасности, Опасные вещества/сероводород, Выполнение требований инструкций",1,0,0.0
other,"Работы в замкнутом пространстве, Наряд-допуск / Оценка риска, Выполнение требований инструкций",1,0,0.0
other,"Работы в замкнутом пространстве, Падающие предметы, Рабочее место / Эргономика, Машины и оборудование",1,0,0.0
other,"Работы в замкнутом пространстве, Проскальзывание / Спотыкание / Падение, Наряд-допуск / Оценка риска, СИЗ / Средства по обеспечению безопасности",1,0,0.0
other,"Работы на высоте / Строительные леса, Выполнение требований инструкций, Знаки безопасности / Предупредительные таблички",1,0,0.0
other,"Работы на высоте / Строительные леса, Знаки безопасности / Предупредительные таблички, Наряд-допуск / Оценка риска",1,0,0.0
other,"Работы на высоте / Строительные леса, Опасные вещества/сероводород, Выполнение требований инструкций",1,0,0.0
other,"Работы на высоте / Строительные леса, Охрана окружающей среды, Машины и оборудование",1,0,0.0
other,"Работы на высоте / Строительные леса, Падающие предметы, Монтажные и грузоподъемные работы",1,0,0.0
other,"Работы на высоте / Строительные леса, Падающие предметы, Монтажные и грузоподъемные работы, Опасные вещества/сероводород",1,0,0.0
other,"Работы на высоте / Строительные леса, Падающие предметы, Поддержание чистоты и порядка, СИЗ / Средства по обеспечению безопасности, Знаки безопасности / Предупредительные таблички, Вывешивание плакатов, Выполнение требований инструкций",1,0,0.0
other,"Работы на высоте / Строительные леса, Переносное оборудование / Ручные инструменты",1,0,0.0
other,"Работы на высоте / Строительные леса, СИЗ / Средства по обеспечению безопасности, Выполнение требований инструкций, Наряд-допуск / Оценка риска",1,0,0.0
other,"Работы на высоте / Строительные леса, СИЗ / Средства по обеспечению безопасности, Монтажные и грузоподъемные работы",1,0,0.0
other,"Работы на высоте / Строительные леса, Транспортировка, Перемещение грузов вручную, Монтажные и грузоподъемные работы",1,0,0.0
other,"Рабочее место / Эргономика, Взрыво- и пожароопасность",1,0,0.0
other,"Рабочее место / Эргономика, Выполнение требований инструкций",1,0,0.0
other,"Рабочее место / Эргономика, Знаки безопасности / Предупредительные таблички",1,0,0.0
other,"Рабочее место / Эргономика, Опасные вещества/сероводород",1,0,0.0
other,"Рабочее место / Эргономика, Поддержание чистоты и порядка",1,0,0.0
other,"Рабочее место / Эргономика, Санитарно-бытовые помещения",1,0,0.0
other,"СИЗ / Средства по обеспечению безопасности, Машины и оборудование, Сварка / Шлифовка / Отжиг",1,0,0.0
other,"СИЗ / Средства по обеспечению безопасности, Монтажные и грузоподъемные работы, Выполнение требований инструкций, Знаки безопасности / Предупредительные таблички, Вывешивание плакатов",1,0,0.0
other,"СИЗ / Средства по обеспечению безопасности, Наряд-допуск / Оценка риска, Выполнение требований инструкций, Работы в замкнутом пространстве, Машины и оборудование, Сварка / Шлифовка / Отжиг, Проскальзывание / Спотыкание / Падение, Переносное оборудование / Ручные инструменты",1,0,0.0
other,"СИЗ / Средства по обеспечению безопасности, Охрана окружающей среды",1,0,0.0
other,"СИЗ / Средства по обеспечению безопасности, Охрана окружающей среды, Аварийное реагирование / Готовность к ЧС",1,0,0.0
other,"СИЗ / Средства по обеспечению безопасности, Перемещение грузов вручную",1,0,0.0
other,"СИЗ / Средства по обеспечению безопасности, Поддержание чистоты и порядка",1,0,0.0
other,"СИЗ / Средства по обеспечению безопасности, Проскальзывание / Спотыкание / Падение",1,0,0.0
other,"СИЗ / Средства по обеспечению безопасности, Электрооборудование",1,0,0.0
other,"Санитарно-бытовые помещения, Охрана окружающей среды",1,0,0.0
other,"Санитарно-бытовые помещения, Поддержание чистоты и порядка",1,0,0.0
other,"Санитарно-бытовые помещения, Проскальзывание / Спотыкание / Падение, Рабочее место / Эргономика",1,0,0.0
other,"Санитарно-бытовые помещения, Рабочее место / Эргономика",1,0,0.0
other,"Сварка / Шлифовка / Отжиг, Машины и оборудование, Земляные работы",1,0,0.0
other,"Транспортировка, Взрыво- и пожароопасность",1,0,0.0
other,"Транспортировка, Взрыво- и пожароопасность, Целостность объекта / Оборудования, СИЗ / Средства по обеспечению безопасности, Трубопроводы / Подземные коммуникации, Испытание под давлением, Охрана окружающей среды, Машины и оборудование, Вождение",1,0,0.0
other,"Транспортировка, Вождение",1,0,0.0
other,"Транспортировка, Знаки безопасности / Предупредительные таблички, Наряд-допуск / Оценка риска",1,0,0.0
other,"Транспортировка, Машины и оборудование, Взрыво- и пожароопасность",1,0,0.0
other,"Транспортировка, Машины и оборудование, Сварка / Шлифовка / Отжиг, Переносное оборудование / Ручные инструменты, Электрооборудование",1,0,0.0
other,"Транспортировка, Монтажные и грузоподъемные работы",1,0,0.0
other,"Транспортировка, Опасные вещества/сероводород",1,0,0.0
other,"Транспортировка, СИЗ / Средства по обеспечению безопасности, Поддержание чистоты и порядка, Вождение",1,0,0.0
other,"Транспортировка, Санитарно-бытовые помещения",1,0,0.0
other,"Трубопроводы / Подземные коммуникации, Поддержание чистоты и порядка, Охрана окружающей среды, Выполнение требований инструкций, Перемещение грузов вручную, Проскальзывание / Спотыкание / Падение, Целостность объекта / Оборудования, Монтажные и грузоподъемные работы, Земляные работы",1,0,0.0
other,"Трубопроводы / Подземные коммуникации, Рабочее место / Эргономика",1,0,0.0
other,"Целостность объекта / Оборудования, Земляные работы",1,0,0.0
other,"Целостность объекта / Оборудования, Машины и оборудование, Электрооборудование",1,0,0.0
other,"Целостность объекта / Оборудования, Санитарно-бытовые помещения",1,0,0.0
other,"Электрооборудование, Выполнение требований инструкций",1,0,0.0
other,"Электрооборудование, Выполнение требований инструкций, Наряд-допуск / Оценка риска, Сварка / Шлифовка / Отжиг",1,0,0.0
other,"Электрооборудование, Выполнение требований инструкций, Опасные вещества/сероводород, Наряд-допуск / Оценка риска, СИЗ / Средства по обеспечению безопасности, Санитарно-бытовые помещения, Взрыво- и пожароопасность",1,0,0.0
other,"Электрооборудование, Выполнение требований инструкций, Опасные природные явления / Погодные условия, Поддержание чистоты и порядка, Знаки безопасности / Предупредительные таблички, СИЗ / Средства по обеспечению безопасности, Машины и оборудование, Вождение, Падающие предметы, Монтажные и грузоподъемные работы, Наряд-допуск / Оценка риска",1,0,0.0
other,"Электрооборудование, Выполнение требований инструкций, Работы на высоте / Строительные леса, СИЗ / Средства по обеспечению безопасности, Переносное оборудование / Ручные инструменты, Машины и оборудование, Наряд-допуск / Оценка риска",1,0,0.0
other,"Электрооборудование, Знаки безопасности / Предупредительные таблички",1,0,0.0
other,"Электрооборудование, Наряд-допуск / Оценка риска, Выполнение требований инструкций",1,0,0.0
other,"Электрооборудование, Наряд-допуск / Оценка риска, Выполнение требований инструкций, СИЗ / Средства по обеспечению безопасности",1,0,0.0
other,"Электрооборудование, Наряд-допуск / Оценка риска, Целостность объекта / Оборудования",1,0,0.0
other,"Электрооборудование, Охрана окружающей среды",1,0,0.0
other,"Электрооборудование, Переносное оборудование / Ручные инструменты",1,0,0.0
other,"Электрооборудование, Сварка / Шлифовка / Отжиг",1,0,0.0
unsafe_action,"Аварийное реагирование / Готовность к ЧС, Охрана окружающей среды, Выполнение требований инструкций, Транспортировка, Проскальзывание / Спотыкание / Падение, Целостность объекта / Оборудования",1,0,0.0
unsafe_action,"Взрыво- и пожароопасность, Вывешивание плакатов, Выполнение требований инструкций",1,0,0.0
unsafe_action,"Взрыво- и пожароопасность, Вывешивание плакатов, Знаки безопасности / Предупредительные таблички, Выполнение требований инструкций",1,0,0.0
unsafe_action,"Взрыво- и пожароопасность, Выполнение требований инструкций, Вывешивание плакатов",1,0,0.0
unsafe_action,"Взрыво- и пожароопасность, Знаки безопасности / Предупредительные таблички",1,0,0.0
unsafe_action,"Взрыво- и пожароопасность, Знаки безопасности / Предупредительные таблички, Аварийное реагирование / Готовность к ЧС, Трубопроводы / Подземные коммуникации, Поддержание чистоты и порядка, Санитарно-бытовые помещения, Охрана окружающей среды, Опасные природные явления / Погодные условия, Электрооборудование, Выполнение требований инструкций, Вывешивание плакатов",1,0,0.0
unsafe_action,"Взрыво- и пожароопасность, Знаки безопасности / Предупредительные таблички, СИЗ / Средства по обеспечению безопасности, Трубопроводы / Подземные коммуникации, Поддержание чистоты и порядка, Санитарно-бытовые помещения, Охрана окружающей среды, Опасные природные явления / Погодные условия, Электрооборудование, Выполнение требований инструкций, Вывешивание плакатов",1,0,0.0
unsafe_action,"Взрыво- и пожароопасность, Знаки безопасности / Предупредительные таблички, Сварка / Шлифовка / Отжиг, Рабочее место / Эргономика, Вывешивание плакатов",1,0,0.0
unsafe_action,"Взрыво- и пожароопасность, Поддержание чистоты и порядка",1,0,0.0
unsafe_action,"Взрыво- и пожароопасность, Поддержание чистоты и порядка, Охрана окружающей среды, Целостность объекта / Оборудования",1,0,0.0
unsafe_action,"Взрыво- и пожароопасность, Проскальзывание / Спотыкание / Падение, Охрана окружающей среды, Опасные природные явления / Погодные условия",1,0,0.0
unsafe_action,"Взрыво- и пожароопасность, Сварка / Шлифовка / Отжиг, Знаки безопасности / Предупредительные таблички",1,0,0.0
unsafe_action,"Взрыво- и пожароопасность, Сварка / Шлифовка / Отжиг, Проскальзывание / Спотыкание / Падение, Опасные вещества/сероводород",1,0,0.0
unsafe_action,"Взрыво- и пожароопасность, Сварка / Шлифовка / Отжиг, СИЗ / Средства по обеспечению безопасности",1,0,0.0
unsafe_action,"Вождение, Выполнение требований инструкций, СИЗ / Средства по обеспечению безопасности, Знаки безопасности / Предупредительные таблички, Вывешивание плакатов",1,0,0.0
unsafe_action,"Вождение, Проскальзывание / Спотыкание / Падение",1,0,0.0
unsafe_action,"Вывешивание плакатов, Взрыво- и пожароопасность, Выполнение требований инструкций",1,0,0.0
unsafe_action,"Вывешивание плакатов, Взрыво- и пожароопасность, Знаки безопасности / Предупредительные таблички, Аварийное реагирование / Готовность к ЧС, Трубопроводы / Подземные коммуникации, Поддержание чистоты и порядка, Охрана окружающей среды, Опасные природные явления / Погодные условия, Электрооборудование, Выполнение требований инструкций, Транспортировка, Сварка / Шлифовка / Отжиг, Работы на высоте / Строительные леса, СИЗ / Средства по обеспечению безопасности, Переносное оборудование / Ручные инструменты, Санитарно-бытовые помещения, Рабочее место / Эргономика, Перемещение грузов вручную, Машины и оборудование, Вождение, Работы в замкнутом пространстве, Проскальзывание / Спотыкание / Падение, Земляные работы, Целостность объекта / Оборудования, Падающие предметы, Испытание под давлением, Ионизирующее излучение, Монтажные и грузоподъемные работы, Наряд-допуск / Оценка риска, Опасные вещества/сероводород",1,0,0.0
unsafe_action,"Вывешивание плакатов, Выполнение требований инструкций, Знаки безопасности / Предупредительные таблички",1,0,0.0
unsafe_action,"Вывешивание плакатов, Знаки безопасности / Предупредительные таблички, Аварийное реагирование / Готовность к ЧС, СИЗ / Средства по обеспечению безопасности, Целостность объекта / Оборудования, Трубопроводы / Подземные коммуникации, Переносное оборудование / Ручные инструменты, Поддержание чистоты и порядка, Охрана окружающей среды, Монтажные и грузоподъемные работы, Наряд-допуск / Оценка риска, Выполнение требований инструкций",1,0,0.0
unsafe_action,"Вывешивание плакатов, Знаки безопасности / Предупредительные таблички, Выполнение требований инструкций",1,0,0.0
unsafe_action,"Вывешивание плакатов, Знаки безопасности / Предупредительные таблички, Выполнение требований инструкций, Взрыво- и пожароопасность",1,0,0.0
unsafe_action,"Вывешивание плакатов, Знаки безопасности / Предупредительные таблички, Выполнение требований инструкций, Наряд-допуск / Оценка риска",1,0,0.0
unsafe_action,"Вывешивание плакатов, Знаки безопасности / Предупредительные таблички, Выполнение требований инструкций, Охрана окружающей среды",1,0,0.0
unsafe_action,"Вывешивание плакатов, Знаки безопасности / Предупредительные таблички, Выполнение требований инструкций, СИЗ / Средства по обеспечению безопасности, Наряд-допуск / Оценка риска",1,0,0.0
unsafe_action,"Вывешивание плакатов, Знаки безопасности / Предупредительные таблички, Земляные работы, Охрана окружающей среды",1,0,0.0
unsafe_action,"Вывешивание плакатов, Знаки безопасности / Предупредительные таблички, Земляные работы, Переносное оборудование / Ручные инструменты",1,0,0.0
unsafe_action,"Вывешивание плакатов, Знаки безопасности / Предупредительные таблички, Земляные работы, СИЗ / Средства по обеспечению безопасности, Охрана окружающей среды, Наряд-допуск / Оценка риска, Целостность объекта / Оборудования, Переносное оборудование / Ручные инструменты, Поддержание чистоты и порядка, Рабочее место / Эргономика, Машины и оборудование, Выполнение требований инструкций",1,0,0.0
unsafe_action,"Вывешивание плакатов, Знаки безопасности / Предупредительные таблички, Земляные работы, Сварка / Шлифовка / Отжиг",1,0,0.0
unsafe_action,"Вывешивание плакатов, Знаки безопасности / Предупредительные таблички, Машины и оборудование, Электрооборудование",1,0,0.0
unsafe_action,"Вывешивание плакатов, Знаки безопасности / Предупредительные таблички, Монтажные и грузоподъемные работы, Выполнение требований инструкций",1,0,0.0
unsafe_action,"Вывешивание плакатов, Знаки безопасности / Предупредительные таблички, Опасные вещества/сероводород",1,0,0.0
unsafe_action,"Вывешивание плакатов, Знаки безопасности / Предупредительные таблички, Охрана окружающей среды",1,0,0.0
unsafe_action,"Вывешивание плакатов, Знаки безопасности / Предупредительные таблички, Поддержание чистоты и порядка, Охрана окружающей среды, Выполнение требований инструкций, Транспортировка, СИЗ / Средства по обеспечению безопасности, Перемещение грузов вручную, Целостность объекта / Оборудования, Опасные вещества/сероводород",1,0,0.0
unsafe_action,"Вывешивание плакатов, Знаки безопасности / Предупредительные таблички, Поддержание чистоты и порядка, Охрана окружающей среды, Санитарно-бытовые помещения, СИЗ / Средства по обеспечению безопасности, Проскальзывание / Спотыкание / Падение",1,0,0.0
unsafe_action,"Вывешивание плакатов, Знаки безопасности / Предупредительные таблички, Поддержание чистоты и порядка, Охрана окружающей среды, Электрооборудование, Выполнение требований инструкций, СИЗ / Средства по обеспечению безопасности, Переносное оборудование / Ручные инструменты, Рабочее место / Эргономика, Наряд-допуск / Оценка риска",1,0,0.0
unsafe_action,"Вывешивание плакатов, Работы на высоте / Строительные леса",1,0,0.0
unsafe_action,"Вывешивание плакатов, СИЗ / Средства по обеспечению безопасности, Выполнение требований инструкций",1,0,0.0
unsafe_action,"Вывешивание плакатов, Сварка / Шлифовка / Отжиг, Знаки безопасности / Предупредительные таблички, Наряд-допуск / Оценка риска",1,0,0.0
unsafe_action,"Выполнение требований инструкций, Взрыво- и пожароопасность, Вождение",1,0,0.0
unsafe_action,"Выполнение требований инструкций, Взрыво- и пожароопасность, Вывешивание плакатов",1,0,0.0
unsafe_action,"Выполнение требований инструкций, Вождение, Знаки безопасности / Предупредительные таблички",1,0,0.0
unsafe_action,"Выполнение требований инструкций, Вывешивание плакатов, Знаки безопасности / Предупредительные таблички",1,0,0.0
unsafe_action,"Выполнение требований инструкций, Вывешивание плакатов, Знаки безопасности / Предупредительные таблички, Поддержание чистоты и порядка, Охрана окружающей среды",1,0,0.0
unsafe_action,"Выполнение требований инструкций, Земляные работы, Рабочее место / Эргономика",1,0,0.0
unsafe_action,"Выполнение требований инструкций, Знаки безопасности / Предупредительные таблички, Вывешивание плакатов",1,0,0.0
unsafe_action,"Выполнение требований инструкций, Машины и оборудование, Опасные природные явления / Погодные условия",1,0,0.0
unsafe_action,"Выполнение требований инструкций, Монтажные и грузоподъемные работы, Наряд-допуск / Оценка риска, Падающие предметы",1,0,0.0
unsafe_action,"Выполнение требований инструкций, Монтажные и грузоподъемные работы, Рабочее место / Эргономика, Падающие предметы",1,0,0.0
unsafe_action,"Выполнение требований инструкций, Охрана окружающей среды",1,0,0.0
unsafe_action,"Выполнение требований инструкций, Перемещение грузов вручную",1,0,0.0
unsafe_action,"Выполнение требований инструкций, Перемещение грузов вручную, Монтажные и грузоподъемные работы",1,0,0.0
unsafe_action,"Выполнение требований инструкций, Переносное оборудование / Ручные инструменты, Транспортировка",1,0,0.0
unsafe_action,"Выполнение требований инструкций, Переносное оборудование / Ручные инструменты, Целостность объекта / Оборудования, Охрана окружающей среды",1,0,0.0
unsafe_action,"Выполнение требований инструкций, Поддержание чистоты и порядка",1,0,0.0
unsafe_action,"Выполнение требований инструкций, Проскальзывание / Спотыкание / Падение",1,0,0.0
unsafe_action,"Выполнение требований инструкций, Проскальзывание / Спотыкание / Падение, Опасные природные явления / Погодные условия",1,0,0.0
unsafe_action,"Выполнение требований инструкций, Работы на высоте / Строительные леса, Переносное оборудование / Ручные инструменты, Машины и оборудование, Проскальзывание / Спотыкание / Падение, Наряд-допуск / Оценка риска",1,0,0.0
unsafe_action,"Выполнение требований инструкций, Работы на высоте / Строительные леса, СИЗ / Средства по обеспечению безопасности",1,0,0.0
unsafe_action,"Выполнение требований инструкций, Рабочее место / Эргономика, Монтажные и грузоподъемные работы",1,0,0.0
unsafe_action,"Выполнение требований инструкций, СИЗ / Средства по обеспечению безопасности, Вывешивание плакатов, Взрыво- и пожароопасность, Знаки безопасности / Предупредительные таблички, Аварийное реагирование / Готовность к ЧС, Трубопроводы / Подземные коммуникации, Поддержание чистоты и порядка, Охрана окружающей среды, Опасные природные явления / Погодные условия, Электрооборудование, Сварка / Шлифовка / Отжиг, Работы на высоте / Строительные леса, Переносное оборудование / Ручные инструменты, Санитарно-бытовые помещения, Рабочее место / Эргономика, Перемещение грузов вручную, Машины и оборудование, Вождение, Проскальзывание / Спотыкание / Падение, Земляные работы, Целостность объекта / Оборудования, Падающие предметы, Испытание под давлением, Ионизирующее излучение, Наряд-допуск / Оценка риска, Опасные вещества/сероводород, Работы в замкнутом пространстве, Транспортировка",1,0,0.0
unsafe_action,"Выполнение требований инструкций, СИЗ / Средства по обеспечению безопасности, Наряд-допуск / Оценка риска",1,0,0.0
unsafe_action,"Выполнение требований инструкций, СИЗ / Средства по обеспечению безопасности, Работы в замкнутом пространстве",1,0,0.0
unsafe_action,"Выполнение требований инструкций, Сварка / Шлифовка / Отжиг",1,0,0.0
unsafe_action,"Выполнение требований инструкций, Сварка / Шлифовка / Отжиг, Взрыво- и пожароопасность",1,0,0.0
unsafe_action,"Выполнение требований инструкций, Транспортировка",1,0,0.0
unsafe_action,"Выполнение требований инструкций, Трубопроводы / Подземные коммуникации",1,0,0.0
unsafe_action,"Выполнение требований инструкций, Целостность объекта / Оборудования",1,0,0.0
unsafe_action,"Земляные работы, Вывешивание плакатов, Знаки безопасности / Предупредительные таблички, СИЗ / Средства по обеспечению безопасности, Падающие предметы, Поддержание чистоты и порядка, Охрана окружающей среды, Перемещение грузов вручную",1,0,0.0
unsafe_action,"Земляные работы, Поддержание чистоты и порядка, Взрыво- и пожароопасность, Работы в замкнутом пространстве, Транспортировка, Вывешивание плакатов",1,0,0.0
unsafe_action,"Земляные работы, Проскальзывание / Спотыкание / Падение, Выполнение требований инструкций, Трубопроводы / Подземные коммуникации, Знаки безопасности / Предупредительные таблички",1,0,0.0
unsafe_action,"Земляные работы, Работы в замкнутом пространстве, Испытание под давлением",1,0,0.0
unsafe_action,"Земляные работы, Работы на высоте / Строительные леса",1,0,0.0
unsafe_action,"Земляные работы, СИЗ / Средства по обеспечению безопасности",1,0,0.0
unsafe_action,"Земляные работы, Трубопроводы / Подземные коммуникации",1,0,0.0
unsafe_action,"Знаки безопасности / Предупредительные таблички, Аварийное реагирование / Готовность к ЧС, Выполнение требований инструкций",1,0,0.0
unsafe_action,"Знаки безопасности / Предупредительные таблички, Взрыво- и пожароопасность, Выполнение требований инструкций, Вывешивание плакатов",1,0,0.0
unsafe_action,"Знаки безопасности / Предупредительные таблички, Вывешивание плакатов, Транспортировка, Вождение",1,0,0.0
unsafe_action,"Знаки безопасности / Предупредительные таблички, Выполнение требований инструкций, Взрыво- и пожароопасность",1,0,0.0
unsafe_action,"Знаки безопасности / Предупредительные таблички, Выполнение требований инструкций, Вывешивание плакатов, Электрооборудование",1,0,0.0
unsafe_action,"Знаки безопасности / Предупредительные таблички, Выполнение требований инструкций, СИЗ / Средства по обеспечению безопасности",1,0,0.0
unsafe_action,"Знаки безопасности / Предупредительные таблички, Выполнение требований инструкций, Транспортировка",1,0,0.0
unsafe_action,"Знаки безопасности / Предупредительные таблички, Проскальзывание / Спотыкание / Падение",1,0,0.0
unsafe_action,"Знаки безопасности / Предупредительные таблички, СИЗ / Средства по обеспечению безопасности, Вождение, Выполнение требований инструкций",1,0,0.0
unsafe_action,"Знаки безопасности / Предупредительные таблички, СИЗ / Средства по обеспечению безопасности, Выполнение требований инструкций, Вывешивание плакатов",1,0,0.0
unsafe_action,"Знаки безопасности / Предупредительные таблички, СИЗ / Средства по обеспечению безопасности, Поддержание чистоты и порядка, Охрана окружающей среды, Наряд-допуск / Оценка риска",1,0,0.0
unsafe_action,"Знаки безопасности / Предупредительные таблички, Трубопроводы / Подземные коммуникации, Поддержание чистоты и порядка, Охрана окружающей среды, Выполнение требований инструкций, СИЗ / Средства по обеспечению безопасности, Переносное оборудование / Ручные инструменты, Рабочее место / Эргономика, Проскальзывание / Спотыкание / Падение, Наряд-допуск / Оценка риска, Целостность объекта / Оборудования",1,0,0.0
unsafe_action,"Знаки безопасности / Предупредительные таблички, Электрооборудование",1,0,0.0
unsafe_action,"Знаки безопасности / Предупредительные таблички, Электрооборудование, Опасные вещества/сероводород",1,0,0.0
unsafe_action,"Испытание под давлением, Знаки безопасности / Предупредительные таблички, Поддержание чистоты и порядка, Охрана окружающей среды",1,0,0.0
unsafe_action,"Машины и оборудование, Выполнение требований инструкций, Земляные работы, Целостность объекта / Оборудования",1,0,0.0
unsafe_action,"Машины и оборудование, Выполнение требований инструкций, Проскальзывание / Спотыкание / Падение",1,0,0.0
unsafe_action,"Машины и оборудование, Знаки безопасности / Предупредительные таблички",1,0,0.0
unsafe_action,"Машины и оборудование, Падающие предметы",1,0,0.0
unsafe_action,"Машины и оборудование, Проскальзывание / Спотыкание / Падение",1,0,0.0
unsafe_action,"Машины и оборудование, Проскальзывание / Спотыкание / Падение, Падающие предметы, Монтажные и грузоподъемные работы, Наряд-допуск / Оценка риска",1,0,0.0
unsafe_action,"Машины и оборудование, Проскальзывание / Спотыкание / Падение, Целостность объекта / Оборудования, Монтажные и грузоподъемные работы, Наряд-допуск / Оценка риска",1,0,0.0
unsafe_action,"Машины и оборудование, СИЗ / Средства по обеспечению безопасности",1,0,0.0
unsafe_action,"Монтажные и грузоподъемные работы, Наряд-допуск / Оценка риска, Падающие предметы, Машины и оборудование, Перемещение грузов вручную, Транспортировка, Выполнение требований инструкций, СИЗ / Средства по обеспечению безопасности",1,0,0.0
unsafe_action,"Монтажные и грузоподъемные работы, Работы на высоте / Строительные леса",1,0,0.0
unsafe_action,"Наряд-допуск / Оценка риска, Вождение",1,0,0.0
unsafe_action,"Наряд-допуск / Оценка риска, Выполнение требований инструкций, Вывешивание плакатов, Знаки безопасности / Предупредительные таблички, Земляные работы, СИЗ / Средства по обеспечению безопасности",1,0,0.0
unsafe_action,"Наряд-допуск / Оценка риска, Выполнение требований инструкций, СИЗ / Средства по обеспечению безопасности, Переносное оборудование / Ручные инструменты",1,0,0.0
unsafe_action,"Наряд-допуск / Оценка риска, Выполнение требований инструкций, СИЗ / Средства по обеспечению безопасности, Проскальзывание / Спотыкание / Падение, Земляные работы",1,0,0.0
unsafe_action,"Наряд-допуск / Оценка риска, Поддержание чистоты и порядка",1,0,0.0
unsafe_action,"Наряд-допуск / Оценка риска, СИЗ / Средства по обеспечению безопасности",1,0,0.0
unsafe_action,"Наряд-допуск / Оценка риска, СИЗ / Средства по обеспечению безопасности, Выполнение требований инструкций",1,0,0.0
unsafe_action,"Опасные вещества/сероводород, Падающие предметы",1,0,0.0
unsafe_action,"Опасные вещества/сероводород, Переносное оборудование / Ручные инструменты",1,0,0.0
unsafe_action,"Опасные природные явления / Погодные условия, Вождение",1,0,0.0
unsafe_action,"Опасные природные явления / Погодные условия, Выполнение требований инструкций, Проскальзывание / Спотыкание / Падение",1,0,0.0
unsafe_action,"Опасные природные явления / Погодные условия, Охрана окружающей среды, СИЗ / Средства по обеспечению безопасности",1,0,0.0
unsafe_action,"Опасные природные явления / Погодные условия, Проскальзывание / Спотыкание / Падение",1,0,0.0
unsafe_action,"Охрана окружающей среды, Вождение",1,0,0.0
unsafe_action,"Охрана окружающей среды, Выполнение требований инструкций",1,0,0.0
unsafe_action,"Охрана окружающей среды, Выполнение требований инструкций, Машины и оборудование",1,0,0.0
unsafe_action,"Охрана окружающей среды, Выполнение требований инструкций, Рабочее место / Эргономика",1,0,0.0
unsafe_action,"Охрана окружающей среды, Опасные природные явления / Погодные условия",1,0,0.0
unsafe_action,"Охрана окружающей среды, Опасные природные явления / Погодные условия, Выполнение требований инструкций",1,0,0.0
unsafe_action,"Охрана окружающей среды, Поддержание чистоты и порядка, Транспортировка",1,0,0.0
unsafe_action,"Падающие предметы, Выполнение требований инструкций",1,0,0.0
unsafe_action,"Падающие предметы, Знаки безопасности / Предупредительные таблички, Выполнение требований инструкций",1,0,0.0
unsafe_action,"Падающие предметы, Монтажные и грузоподъемные работы",1,0,0.0
unsafe_action,"Падающие предметы, Перемещение грузов вручную",1,0,0.0
unsafe_action,"Падающие предметы, Целостность объекта / Оборудования, Проскальзывание / Спотыкание / Падение",1,0,0.0
unsafe_action,"Перемещение грузов вручную, Машины и оборудование",1,0,0.0
unsafe_action,"Перемещение грузов вручную, Монтажные и грузоподъемные работы, СИЗ / Средства по обеспечению безопасности",1,0,0.0
unsafe_action,"Перемещение грузов вручную, Монтажные и грузоподъемные работы, Транспортировка",1,0,0.0
unsafe_action,"Перемещение грузов вручную, Охрана окружающей среды, Вывешивание плакатов",1,0,0.0
unsafe_action,"Перемещение грузов вручную, СИЗ / Средства по обеспечению безопасности",1,0,0.0
unsafe_action,"Переносное оборудование / Ручные инструменты, Рабочее место / Эргономика",1,0,0.0
unsafe_action,"Переносное оборудование / Ручные инструменты, Сварка / Шлифовка / Отжиг",1,0,0.0
unsafe_action,"Поддержание чистоты и порядка, Выполнение требований инструкций, Знаки безопасности / Предупредительные таблички",1,0,0.0
unsafe_action,"Поддержание чистоты и порядка, Наряд-допуск / Оценка риска",1,0,0.0
unsafe_action,"Поддержание чистоты и порядка, Охрана окружающей среды, Выполнение требований инструкций",1,0,0.0
unsafe_action,"Поддержание чистоты и порядка, Охрана окружающей среды, Выполнение требований инструкций, Транспортировка, Вождение",1,0,0.0
unsafe_action,"Поддержание чистоты и порядка, Охрана окружающей среды, СИЗ / Средства по обеспечению безопасности",1,0,0.0
unsafe_action,"Поддержание чистоты и порядка, Рабочее место / Эргономика",1,0,0.0
unsafe_action,"Поддержание чистоты и порядка, СИЗ / Средства по обеспечению безопасности, Рабочее место / Эргономика, Опасные вещества/сероводород",1,0,0.0
unsafe_action,"Поддержание чистоты и порядка, Санитарно-бытовые помещения, Проскальзывание / Спотыкание / Падение",1,0,0.0
unsafe_action,"Поддержание чистоты и порядка, Электрооборудование, Выполнение требований инструкций, Работы на высоте / Строительные леса, СИЗ / Средства по обеспечению безопасности, Переносное оборудование / Ручные инструменты, Наряд-допуск / Оценка риска, Рабочее место / Эргономика",1,0,0.0
unsafe_action,"Поддержание чистоты и порядка, Электрооборудование, Проскальзывание / Спотыкание / Падение",1,0,0.0
unsafe_action,"Проскальзывание / Спотыкание / Падение, Знаки безопасности / Предупредительные таблички",1,0,0.0
unsafe_action,"Проскальзывание / Спотыкание / Падение, Знаки безопасности / Предупредительные таблички, Работы на высоте / Строительные леса, СИЗ / Средства по обеспечению безопасности, Охрана окружающей среды, Рабочее место / Эргономика",1,0,0.0
unsafe_action,"Проскальзывание / Спотыкание / Падение, Знаки безопасности / Предупредительные таблички, СИЗ / Средства по обеспечению безопасности, Целостность объекта / Оборудования",1,0,0.0
unsafe_action,"Проскальзывание / Спотыкание / Падение, Знаки безопасности / Предупредительные таблички, СИЗ / Средства по обеспечению безопасности, Целостность объекта / Оборудования, Переносное оборудование / Ручные инструменты, Поддержание чистоты и порядка, Охрана окружающей среды, Наряд-допуск / Оценка риска",1,0,0.0
unsafe_action,"Проскальзывание / Спотыкание / Падение, Монтажные и грузоподъемные работы",1,0,0.0
unsafe_action,"Проскальзывание / Спотыкание / Падение, Поддержание чистоты и порядка, Рабочее место / Эргономика",1,0,0.0
unsafe_action,"Проскальзывание / Спотыкание / Падение, Работы на высоте / Строительные леса, Выполнение требований инструкций",1,0,0.0
unsafe_action,"Проскальзывание / Спотыкание / Падение, Работы на высоте / Строительные леса, СИЗ / Средства по обеспечению безопасности, Падающие предметы, Поддержание чистоты и порядка",1,0,0.0
unsafe_action,"Работы в замкнутом пространстве, Взрыво- и пожароопасность, Проскальзывание / Спотыкание / Падение, Знаки безопасности / Предупредительные таблички, Аварийное реагирование / Готовность к ЧС, Переносное оборудование / Ручные инструменты, Падающие предметы, Поддержание чистоты и порядка, Охрана окружающей среды, Перемещение грузов вручную, Наряд-допуск / Оценка риска, Выполнение требований инструкций, Опасные вещества/сероводород",1,0,0.0
unsafe_action,"Работы в замкнутом пространстве, Выполнение требований инструкций, Наряд-допуск / Оценка риска, Знаки безопасности / Предупредительные таблички",1,0,0.0
unsafe_action,"Работы в замкнутом пространстве, Выполнение требований инструкций, СИЗ / Средства по обеспечению безопасности, Рабочее место / Эргономика",1,0,0.0
unsafe_action,"Работы в замкнутом пространстве, Охрана окружающей среды",1,0,0.0
unsafe_action,"Работы в замкнутом пространстве, Падающие предметы, СИЗ / Средства по обеспечению безопасности",1,0,0.0
unsafe_action,"Работы в замкнутом пространстве, СИЗ / Средства по обеспечению безопасности, Поддержание чистоты и порядка",1,0,0.0
unsafe_action,"Работы в замкнутом пространстве, Сварка / Шлифовка / Отжиг, Знаки безопасности / Предупредительные таблички, Переносное оборудование / Ручные инструменты, Поддержание чистоты и порядка, Наряд-допуск / Оценка риска",1,0,0.0
unsafe_action,"Работы на высоте / Строительные леса, Аварийное реагирование / Готовность к ЧС, Машины и оборудование, Взрыво- и пожароопасность, Работы в замкнутом пространстве",1,0,0.0
unsafe_action,"Работы на высоте / Строительные леса, Взрыво- и пожароопасность",1,0,0.0
unsafe_action,"Работы на высоте / Строительные леса, Выполнение требований инструкций, Падающие предметы",1,0,0.0
unsafe_action,"Работы на высоте / Строительные леса, Выполнение требований инструкций, Сварка / Шлифовка / Отжиг",1,0,0.0
unsafe_action,"Работы на высоте / Строительные леса, Земляные работы",1,0,0.0
unsafe_action,"Работы на высоте / Строительные леса, Наряд-допуск / Оценка риска",1,0,0.0
unsafe_action,"Работы на высоте / Строительные леса, Охрана окружающей среды, Монтажные и грузоподъемные работы",1,0,0.0
unsafe_action,"Работы на высоте / Строительные леса, Перемещение грузов вручную",1,0,0.0
unsafe_action,"Работы на высоте / Строительные леса, Перемещение грузов вручную, Падающие предметы, Поддержание чистоты и порядка",1,0,0.0
unsafe_action,"Работы на высоте / Строительные леса, Проскальзывание / Спотыкание / Падение, Опасные вещества/сероводород, СИЗ / Средства по обеспечению безопасности, Электрооборудование, Выполнение требований инструкций",1,0,0.0
unsafe_action,"Работы на высоте / Строительные леса, Рабочее место / Эргономика",1,0,0.0
unsafe_action,"Работы на высоте / Строительные леса, СИЗ / Средства по обеспечению безопасности, Выполнение требований инструкций",1,0,0.0
unsafe_action,"Работы на высоте / Строительные леса, СИЗ / Средства по обеспечению безопасности, Выполнение требований инструкций, Монтажные и грузоподъемные работы",1,0,0.0
unsafe_action,"Работы на высоте / Строительные леса, СИЗ / Средства по обеспечению безопасности, Наряд-допуск / Оценка риска, Опасные вещества/сероводород",1,0,0.0
unsafe_action,"Работы на высоте / Строительные леса, Санитарно-бытовые помещения, Наряд-допуск / Оценка риска",1,0,0.0
unsafe_action,"Рабочее место / Эргономика, Вывешивание плакатов, Проскальзывание / Спотыкание / Падение",1,0,0.0
unsafe_action,"Рабочее место / Эргономика, Выполнение требований инструкций",1,0,0.0
unsafe_action,"Рабочее место / Эргономика, Машины и оборудование",1,0,0.0
unsafe_action,"Рабочее место / Эргономика, Машины и оборудование, Вождение, Опасные вещества/сероводород, СИЗ / Средства по обеспечению безопасности",1,0,0.0
unsafe_action,"Рабочее место / Эргономика, Наряд-допуск / Оценка риска, Монтажные и грузоподъемные работы, Машины и оборудование, СИЗ / Средства по обеспечению безопасности",1,0,0.0
unsafe_action,"Рабочее место / Эргономика, Опасные вещества/сероводород",1,0,0.0
unsafe_action,"Рабочее место / Эргономика, Падающие предметы",1,0,0.0
unsafe_action,"Рабочее место / Эргономика, Перемещение грузов вручную",1,0,0.0
unsafe_action,"СИЗ / Средства по обеспечению безопасности, Вождение",1,0,0.0
unsafe_action,"СИЗ / Средства по обеспечению безопасности, Выполнение требований инструкций, Взрыво- и пожароопасность",1,0,0.0
unsafe_action,"СИЗ / Средства по обеспечению безопасности, Выполнение требований инструкций, Работы на высоте / Строительные леса, Знаки безопасности / Предупредительные таблички",1,0,0.0
unsafe_action,"СИЗ / Средства по обеспечению безопасности, Земляные работы",1,0,0.0
unsafe_action,"СИЗ / Средства по обеспечению безопасности, Машины и оборудование, Земляные работы",1,0,0.0
unsafe_action,"СИЗ / Средства по обеспечению безопасности, Машины и оборудование, Наряд-допуск / Оценка риска, Рабочее место / Эргономика",1,0,0.0
unsafe_action,"СИЗ / Средства по обеспечению безопасности, Машины и оборудование, Электрооборудование, Наряд-допуск / Оценка риска, Знаки безопасности / Предупредительные таблички",1,0,0.0
unsafe_action,"СИЗ / Средства по обеспечению безопасности, Опасные вещества/сероводород, Выполнение требований инструкций",1,0,0.0
unsafe_action,"СИЗ / Средства по обеспечению безопасности, Опасные природные явления / Погодные условия",1,0,0.0
unsafe_action,"СИЗ / Средства по обеспечению безопасности, Опасные природные явления / Погодные условия, Проскальзывание / Спотыкание / Падение",1,0,0.0
unsafe_action,"СИЗ / Средства по обеспечению безопасности, Охрана окружающей среды, Выполнение требований инструкций",1,0,0.0
unsafe_action,"СИЗ / Средства по обеспечению безопасности, Падающие предметы, Выполнение требований инструкций",1,0,0.0
unsafe_action,"СИЗ / Средства по обеспечению безопасности, Перемещение грузов вручную, Выполнение требований инструкций",1,0,0.0
unsafe_action,"СИЗ / Средства по обеспечению безопасности, Переносное оборудование / Ручные инструменты, Охрана окружающей среды",1,0,0.0
unsafe_action,"СИЗ / Средства по обеспечению безопасности, Поддержание чистоты и порядка, Испытание под давлением, Охрана окружающей среды",1,0,0.0
unsafe_action,"СИЗ / Средства по обеспечению безопасности, Поддержание чистоты и порядка, Охрана окружающей среды, Наряд-допуск / Оценка риска, Выполнение требований инструкций",1,0,0.0
unsafe_action,"СИЗ / Средства по обеспечению безопасности, Проскальзывание / Спотыкание / Падение, Знаки безопасности / Предупредительные таблички",1,0,0.0
unsafe_action,"СИЗ / Средства по обеспечению безопасности, Работы на высоте / Строительные леса, Знаки безопасности / Предупредительные таблички, Выполнение требований инструкций",1,0,0.0
unsafe_action,"СИЗ / Средства по обеспечению безопасности, Транспортировка",1,0,0.0
unsafe_action,"СИЗ / Средства по обеспечению безопасности, Трубопроводы / Подземные коммуникации",1,0,0.0
unsafe_action,"Санитарно-бытовые помещения, Рабочее место / Эргономика",1,0,0.0
unsafe_action,"Санитарно-бытовые помещения, СИЗ / Средства по обеспечению безопасности",1,0,0.0
unsafe_action,"Сварка / Шлифовка / Отжиг, Взрыво- и пожароопасность",1,0,0.0
unsafe_action,"Сварка / Шлифовка / Отжиг, Земляные работы",1,0,0.0
unsafe_action,"Сварка / Шлифовка / Отжиг, Земляные работы, Целостность объекта / Оборудования, Поддержание чистоты и порядка",1,0,0.0
unsafe_action,"Сварка / Шлифовка / Отжиг, Знаки безопасности / Предупредительные таблички, Земляные работы, Охрана окружающей среды, Наряд-допуск / Оценка риска",1,0,0.0
unsafe_action,"Сварка / Шлифовка / Отжиг, Знаки безопасности / Предупредительные таблички, Работы на высоте / Строительные леса, СИЗ / Средства по обеспечению безопасности, Целостность объекта / Оборудования, Наряд-допуск / Оценка риска",1,0,0.0
unsafe_action,"Сварка / Шлифовка / Отжиг, Знаки безопасности / Предупредительные таблички, СИЗ / Средства по обеспечению безопасности, Трубопроводы / Подземные коммуникации, Поддержание чистоты и порядка, Охрана окружающей среды, Рабочее место / Эргономика, Перемещение грузов вручную, Электрооборудование, Наряд-допуск / Оценка риска, Машины и оборудование, Выполнение требований инструкций",1,0,0.0
unsafe_action,"Сварка / Шлифовка / Отжиг, Переносное оборудование / Ручные инструменты",1,0,0.0
unsafe_action,"Сварка / Шлифовка / Отжиг, Работы на высоте / Строительные леса, СИЗ / Средства по обеспечению безопасности, Падающие предметы, Рабочее место / Эргономика, Машины и оборудование",1,0,0.0
unsafe_action,"Сварка / Шлифовка / Отжиг, Рабочее место / Эргономика",1,0,0.0
unsafe_action,"Сварка / Шлифовка / Отжиг, Рабочее место / Эргономика, Работы в замкнутом пространстве, Электрооборудование",1,0,0.0
unsafe_action,"Сварка / Шлифовка / Отжиг, СИЗ / Средства по обеспечению безопасности, Наряд-допуск / Оценка риска",1,0,0.0
unsafe_action,"Сварка / Шлифовка / Отжиг, СИЗ / Средства по обеспечению безопасности, Целостность объекта / Оборудования, Взрыво- и пожароопасность",1,0,0.0
unsafe_action,"Сварка / Шлифовка / Отжиг, Транспортировка",1,0,0.0
unsafe_action,"Транспортировка, Выполнение требований инструкций, СИЗ / Средства по обеспечению безопасности, Знаки безопасности / Предупредительные таблички",1,0,0.0
unsafe_action,"Транспортировка, Машины и оборудование, Вождение",1,0,0.0
unsafe_action,"Транспортировка, Монтажные и грузоподъемные работы",1,0,0.0
unsafe_action,"Транспортировка, Монтажные и грузоподъемные работы, Перемещение грузов вручную",1,0,0.0
unsafe_action,"Транспортировка, Охрана окружающей среды, Взрыво- и пожароопасность, Поддержание чистоты и порядка, Выполнение требований инструкций",1,0,0.0
unsafe_action,"Транспортировка, Падающие предметы, Монтажные и грузоподъемные работы, Взрыво- и пожароопасность, Машины и оборудование, Электрооборудование, Наряд-допуск / Оценка риска, Выполнение требований инструкций, Вывешивание плакатов, Сварка / Шлифовка / Отжиг, Поддержание чистоты и порядка",1,0,0.0
unsafe_action,"Транспортировка, Падающие предметы, Поддержание чистоты и порядка, Монтажные и грузоподъемные работы, Электрооборудование, Машины и оборудование, Наряд-допуск / Оценка риска, Выполнение требований инструкций, Вывешивание плакатов",1,0,0.0
unsafe_action,"Транспортировка, Падающие предметы, Рабочее место / Эргономика, Перемещение грузов вручную, Машины и оборудование, Выполнение требований инструкций, Вождение",1,0,0.0
unsafe_action,"Транспортировка, Поддержание чистоты и порядка, Санитарно-бытовые помещения, Перемещение грузов вручную, Монтажные и грузоподъемные работы, Опасные вещества/сероводород",1,0,0.0
unsafe_action,"Транспортировка, Проскальзывание / Спотыкание / Падение",1,0,0.0
unsafe_action,"Транспортировка, Проскальзывание / Спотыкание / Падение, Перемещение грузов вручную, Опасные природные явления / Погодные условия, Машины и оборудование, Выполнение требований инструкций, Вождение",1,0,0.0
unsafe_action,"Транспортировка, СИЗ / Средства по обеспечению безопасности, Опасные вещества/сероводород",1,0,0.0
unsafe_action,"Транспортировка, Сварка / Шлифовка / Отжиг, Взрыво- и пожароопасность, Работы в замкнутом пространстве, Вывешивание плакатов, Проскальзывание / Спотыкание / Падение, Знаки безопасности / Предупредительные таблички, Работы на высоте / Строительные леса, Земляные работы, Аварийное реагирование / Готовность к ЧС, СИЗ / Средства по обеспечению безопасности, Целостность объекта / Оборудования, Трубопроводы / Подземные коммуникации, Переносное оборудование / Ручные инструменты, Падающие предметы, Поддержание чистоты и порядка, Санитарно-бытовые помещения, Испытание под давлением, Охрана окружающей среды, Рабочее место / Эргономика, Ионизирующее излучение, Опасные природные явления / Погодные условия, Перемещение грузов вручную, Монтажные и грузоподъемные работы, Электрооборудование, Машины и оборудование, Наряд-допуск / Оценка риска, Выполнение требований инструкций, Вождение, Опасные вещества/сероводород",1,0,0.0
unsafe_action,"Трубопроводы / Подземные коммуникации, Переносное оборудование / Ручные инструменты",1,0,0.0
unsafe_action,"Трубопроводы / Подземные коммуникации, Электрооборудование, Выполнение требований инструкций",1,0,0.0
unsafe_action,"Целостность объекта / Оборудования, Выполнение требований инструкций, Охрана окружающей среды",1,0,0.0
unsafe_action,"Целостность объекта / Оборудования, Машины и оборудование",1,0,0.0
unsafe_action,"Целостность объекта / Оборудования, Наряд-допуск / Оценка риска",1,0,0.0
unsafe_action,"Целостность объекта / Оборудования, Опасные природные явления / Погодные условия",1,0,0.0
unsafe_action,"Целостность объекта / Оборудования, Падающие предметы, Опасные природные явления / Погодные условия",1,0,0.0
unsafe_action,"Целостность объекта / Оборудования, Поддержание чистоты и порядка, Охрана окружающей среды",1,0,0.0
unsafe_action,"Целостность объекта / Оборудования, Рабочее место / Эргономика",1,0,0.0
unsafe_action,"Целостность объекта / Оборудования, СИЗ / Средства по обеспечению безопасности, Охрана окружающей среды, Рабочее место / Эргономика, Выполнение требований инструкций, Монтажные и грузоподъемные работы, Знаки безопасности / Предупредительные таблички, Работы на высоте / Строительные леса, Сварка / Шлифовка / Отжиг, Переносное оборудование / Ручные инструменты, Падающие предметы, Перемещение грузов вручную",1,0,0.0
unsafe_action,"Электрооборудование, Взрыво- и пожароопасность, Выполнение требований инструкций",1,0,0.0
unsafe_action,"Электрооборудование, Взрыво- и пожароопасность, Санитарно-бытовые помещения",1,0,0.0
unsafe_action,"Электрооборудование, Вывешивание плакатов",1,0,0.0
unsafe_action,"Электрооборудование, Выполнение требований инструкций",1,0,0.0
unsafe_action,"Электрооборудование, Опасные природные явления / Погодные условия, Поддержание чистоты и порядка, Вывешивание плакатов, Работы на высоте / Строительные леса, СИЗ / Средства по обеспечению безопасности, Наряд-допуск / Оценка риска, Падающие предметы",1,0,0.0
unsafe_action,"Электрооборудование, СИЗ / Средства по обеспечению безопасности",1,0,0.0
unsafe_action,"Электрооборудование, СИЗ / Средства по обеспечению безопасности, Знаки безопасности / Предупредительные таблички",1,0,0.0
unsafe_action,"Электрооборудование, Сварка / Шлифовка / Отжиг",1,0,0.0
unsafe_behavior,Аварийное реагирование / Готовность к ЧС,1,0,0.0
unsafe_behavior,"Аварийное реагирование / Готовность к ЧС, Проскальзывание / Спотыкание / Падение, Поддержание чистоты и порядка",1,0,0.0
unsafe_behavior,"Взрыво- и пожароопасность, Выполнение требований инструкций, Знаки безопасности / Предупредительные таблички",1,0,0.0
unsafe_behavior,"Взрыво- и пожароопасность, Выполнение требований инструкций, Сварка / Шлифовка / Отжиг",1,0,0.0
unsafe_behavior,"Взрыво- и пожароопасность, Поддержание чистоты и порядка",1,0,0.0
unsafe_behavior,"Взрыво- и пожароопасность, Поддержание чистоты и порядка, Аварийное реагирование / Готовность к ЧС, Охрана окружающей среды, Электрооборудование, Выполнение требований инструкций, СИЗ / Средства по обеспечению безопасности, Переносное оборудование / Ручные инструменты, Санитарно-бытовые помещения, Рабочее место / Эргономика, Проскальзывание / Спотыкание / Падение, Падающие предметы, Испытание под давлением, Ионизирующее излучение, Опасные вещества/сероводород",1,0,0.0
unsafe_behavior,"Взрыво- и пожароопасность, Поддержание чистоты и порядка, Рабочее место / Эргономика",1,0,0.0
unsafe_behavior,"Взрыво- и пожароопасность, Сварка / Шлифовка / Отжиг, Наряд-допуск / Оценка риска",1,0,0.0
unsafe_behavior,"Взрыво- и пожароопасность, Сварка / Шлифовка / Отжиг, Охрана окружающей среды",1,0,0.0
unsafe_behavior,"Взрыво- и пожароопасность, Целостность объекта / Оборудования, Монтажные и грузоподъемные работы, Выполнение требований инструкций",1,0,0.0
unsafe_behavior,"Вождение, Наряд-допуск / Оценка риска, Поддержание чистоты и порядка",1,0,0.0
unsafe_behavior,"Вывешивание плакатов, Выполнение требований инструкций, Машины и оборудование",1,0,0.0
unsafe_behavior,"Вывешивание плакатов, Знаки безопасности / Предупредительные таблички, Земляные работы, Переносное оборудование / Ручные инструменты",1,0,0.0
unsafe_behavior,"Вывешивание плакатов, Знаки безопасности / Предупредительные таблички, Охрана окружающей среды",1,0,0.0
unsafe_behavior,"Вывешивание плакатов, Знаки безопасности / Предупредительные таблички, Поддержание чистоты и порядка, Охрана окружающей среды, Выполнение требований инструкций, СИЗ / Средства по обеспечению безопасности, Переносное оборудование / Ручные инструменты, Рабочее место / Эргономика, Земляные работы",1,0,0.0
unsafe_behavior,"Вывешивание плакатов, Знаки безопасности / Предупредительные таблички, Поддержание чистоты и порядка, Охрана окружающей среды, Выполнение требований инструкций, СИЗ / Средства по обеспечению безопасности, Переносное оборудование / Ручные инструменты, Рабочее место / Эргономика, Машины и оборудование, Наряд-допуск / Оценка риска, Монтажные и грузоподъемные работы, Проскальзывание / Спотыкание / Падение, Работы в замкнутом пространстве",1,0,0.0
unsafe_behavior,"Вывешивание плакатов, Знаки безопасности / Предупредительные таблички, Поддержание чистоты и порядка, Охрана окружающей среды, Электрооборудование, Выполнение требований инструкций, Работы на высоте / Строительные леса, СИЗ / Средства по обеспечению безопасности, Переносное оборудование / Ручные инструменты, Санитарно-бытовые помещения, Рабочее место / Эргономика, Проскальзывание / Спотыкание / Падение, Падающие предметы, Наряд-допуск / Оценка риска",1,0,0.0
unsafe_behavior,"Вывешивание плакатов, Знаки безопасности / Предупредительные таблички, Рабочее место / Эргономика, Электрооборудование, Выполнение требований инструкций",1,0,0.0
unsafe_behavior,"Вывешивание плакатов, Знаки безопасности / Предупредительные таблички, Трубопроводы / Подземные коммуникации, СИЗ / Средства по обеспечению безопасности, Испытание под давлением, Машины и оборудование, Наряд-допуск / Оценка риска, Выполнение требований инструкций",1,0,0.0
unsafe_behavior,"Вывешивание плакатов, Знаки безопасности / Предупредительные таблички, Электрооборудование, Выполнение требований инструкций, Сварка / Шлифовка / Отжиг, Работы на высоте / Строительные леса, СИЗ / Средства по обеспечению безопасности, Переносное оборудование / Ручные инструменты, Падающие предметы, Монтажные и грузоподъемные работы",1,0,0.0
unsafe_behavior,"Вывешивание плакатов, Поддержание чистоты и порядка",1,0,0.0
unsafe_behavior,"Вывешивание плакатов, Проскальзывание / Спотыкание / Падение, Знаки безопасности / Предупредительные таблички, Аварийное реагирование / Готовность к ЧС, СИЗ / Средства по обеспечению безопасности, Целостность объекта / Оборудования, Переносное оборудование / Ручные инструменты, Падающие предметы, Охрана окружающей среды, Перемещение грузов вручную, Монтажные и грузоподъемные работы, Наряд-допуск / Оценка риска, Выполнение требований инструкций",1,0,0.0
unsafe_behavior,"Вывешивание плакатов, Работы в замкнутом пространстве, Знаки безопасности / Предупредительные таблички, Поддержание чистоты и порядка",1,0,0.0
unsafe_behavior,"Вывешивание плакатов, Работы на высоте / Строительные леса",1,0,0.0
unsafe_behavior,"Вывешивание плакатов, СИЗ / Средства по обеспечению безопасности, Наряд-допуск / Оценка риска, Выполнение требований инструкций",1,0,0.0
unsafe_behavior,"Вывешивание плакатов, Транспортировка, Взрыво- и пожароопасность, Знаки безопасности / Предупредительные таблички, СИЗ / Средства по обеспечению безопасности, Машины и оборудование, Выполнение требований инструкций, Вождение",1,0,0.0
unsafe_behavior,"Вывешивание плакатов, Транспортировка, Работы в замкнутом пространстве, Взрыво- и пожароопасность, Сварка / Шлифовка / Отжиг, Проскальзывание / Спотыкание / Падение, Знаки безопасности / Предупредительные таблички, Работы на высоте / Строительные леса, Земляные работы, Аварийное реагирование / Готовность к ЧС, СИЗ / Средства по обеспечению безопасности, Целостность объекта / Оборудования, Трубопроводы / Подземные коммуникации, Переносное оборудование / Ручные инструменты, Падающие предметы, Поддержание чистоты и порядка, Санитарно-бытовые помещения, Испытание под давлением, Охрана окружающей среды, Рабочее место / Эргономика, Ионизирующее излучение, Опасные природные явления / Погодные условия, Перемещение грузов вручную, Монтажные и грузоподъемные работы, Электрооборудование, Машины и оборудование, Наряд-допуск / Оценка риска, Выполнение требований инструкций, Вождение, Опасные вещества/сероводород",1,0,0.0
unsafe_behavior,"Выполнение требований инструкций, Взрыво- и пожароопасность",1,0,0.0
unsafe_behavior,"Выполнение требований инструкций, Вывешивание плакатов",1,0,0.0
unsafe_behavior,"Выполнение требований инструкций, Знаки безопасности / Предупредительные таблички",1,0,0.0
unsafe_behavior,"Выполнение требований инструкций, Знаки безопасности / Предупредительные таблички, СИЗ / Средства по обеспечению безопасности",1,0,0.0
unsafe_behavior,"Выполнение требований инструкций, Испытание под давлением",1,0,0.0
unsafe_behavior,"Выполнение требований инструкций, Машины и оборудование",1,0,0.0
unsafe_behavior,"Выполнение требований инструкций, Наряд-допуск / Оценка риска, СИЗ / Средства по обеспечению безопасности",1,0,0.0
unsafe_behavior,"Выполнение требований инструкций, Поддержание чистоты и порядка, Охрана окружающей среды",1,0,0.0
unsafe_behavior,"Выполнение требований инструкций, Проскальзывание / Спотыкание / Падение, Знаки безопасности / Предупредительные таблички",1,0,0.0
unsafe_behavior,"Выполнение требований инструкций, Рабочее место / Эргономика, Опасные вещества/сероводород",1,0,0.0
unsafe_behavior,"Выполнение требований инструкций, Рабочее место / Эргономика, Проскальзывание / Спотыкание / Падение",1,0,0.0
unsafe_behavior,"Выполнение требований инструкций, СИЗ / Средства по обеспечению безопасности, Монтажные и грузоподъемные работы",1,0,0.0
unsafe_behavior,"Выполнение требований инструкций, СИЗ / Средства по обеспечению безопасности, Работы на высоте / Строительные леса, Падающие предметы, Наряд-допуск / Оценка риска",1,0,0.0
unsafe_behavior,"Выполнение требований инструкций, СИЗ / Средства по обеспечению безопасности, Рабочее место / Эргономика",1,0,0.0
unsafe_behavior,"Выполнение требований инструкций, СИЗ / Средства по обеспечению безопасности, Рабочее место / Эргономика, Падающие предметы",1,0,0.0
unsafe_behavior,"Выполнение требований инструкций, Сварка / Шлифовка / Отжиг, Земляные работы",1,0,0.0
unsafe_behavior,"Выполнение требований инструкций, Трубопроводы / Подземные коммуникации, Целостность объекта / Оборудования, Проскальзывание / Спотыкание / Падение",1,0,0.0
unsafe_behavior,"Выполнение требований инструкций, Электрооборудование, Машины и оборудование",1,0,0.0
unsafe_behavior,"Земляные работы, Выполнение требований инструкций",1,0,0.0
unsafe_behavior,"Земляные работы, Знаки безопасности / Предупредительные таблички",1,0,0.0
unsafe_behavior,"Земляные работы, Монтажные и грузоподъемные работы, Охрана окружающей среды",1,0,0.0
unsafe_behavior,"Земляные работы, Переносное оборудование / Ручные инструменты",1,0,0.0
unsafe_behavior,"Земляные работы, Сварка / Шлифовка / Отжиг, Испытание под давлением, Охрана окружающей среды, Наряд-допуск / Оценка риска",1,0,0.0
unsafe_behavior,"Знаки безопасности / Предупредительные таблички, Выполнение требований инструкций",1,0,0.0
unsafe_behavior,"Знаки безопасности / Предупредительные таблички, Выполнение требований инструкций, Санитарно-бытовые помещения",1,0,0.0
unsafe_behavior,"Знаки безопасности / Предупредительные таблички, Земляные работы",1,0,0.0
unsafe_behavior,"Знаки безопасности / Предупредительные таблички, Монтажные и грузоподъемные работы",1,0,0.0
unsafe_behavior,"Знаки безопасности / Предупредительные таблички, Наряд-допуск / Оценка риска",1,0,0.0
unsafe_behavior,"Знаки безопасности / Предупредительные таблички, Переносное оборудование / Ручные инструменты",1,0,0.0
unsafe_behavior,"Знаки безопасности / Предупредительные таблички, Работы на высоте / Строительные леса",1,0,0.0
unsafe_behavior,"Знаки безопасности / Предупредительные таблички, Работы на высоте / Строительные леса, Выполнение требований инструкций",1,0,0.0
unsafe_behavior,"Знаки безопасности / Предупредительные таблички, Работы на высоте / Строительные леса, СИЗ / Средства по обеспечению безопасности",1,0,0.0
unsafe_behavior,"Знаки безопасности / Предупредительные таблички, Работы на высоте / Строительные леса, СИЗ / Средства по обеспечению безопасности, Переносное оборудование / Ручные инструменты, Падающие предметы, Монтажные и грузоподъемные работы, Наряд-допуск / Оценка риска",1,0,0.0
unsafe_behavior,"Знаки безопасности / Предупредительные таблички, СИЗ / Средства по обеспечению безопасности, Переносное оборудование / Ручные инструменты, Целостность объекта / Оборудования, Охрана окружающей среды, Выполнение требований инструкций",1,0,0.0
unsafe_behavior,"Испытание под давлением, Опасные природные явления / Погодные условия",1,0,0.0
unsafe_behavior,"Машины и оборудование, Вождение",1,0,0.0
unsafe_behavior,"Машины и оборудование, Монтажные и грузоподъемные работы, Работы на высоте / Строительные леса",1,0,0.0
unsafe_behavior,"Машины и оборудование, Наряд-допуск / Оценка риска, Выполнение требований инструкций, СИЗ / Средства по обеспечению безопасности",1,0,0.0
unsafe_behavior,"Машины и оборудование, Наряд-допуск / Оценка риска, СИЗ / Средства по обеспечению безопасности",1,0,0.0
unsafe_behavior,"Машины и оборудование, СИЗ / Средства по обеспечению безопасности",1,0,0.0
unsafe_behavior,"Машины и оборудование, СИЗ / Средства по обеспечению безопасности, Охрана окружающей среды, Рабочее место / Эргономика",1,0,0.0
unsafe_behavior,"Машины и оборудование, СИЗ / Средства по обеспечению безопасности, Охрана окружающей среды, Рабочее место / Эргономика, Поддержание чистоты и порядка",1,0,0.0
unsafe_behavior,"Машины и оборудование, Трубопроводы / Подземные коммуникации",1,0,0.0
unsafe_behavior,"Монтажные и грузоподъемные работы, Выполнение требований инструкций",1,0,0.0
unsafe_behavior,"Монтажные и грузоподъемные работы, Выполнение требований инструкций, Знаки безопасности / Предупредительные таблички",1,0,0.0
unsafe_behavior,"Монтажные и грузоподъемные работы, Знаки безопасности / Предупредительные таблички",1,0,0.0
unsafe_behavior,"Монтажные и грузоподъемные работы, Машины и оборудование, Наряд-допуск / Оценка риска, Выполнение требований инструкций, Проскальзывание / Спотыкание / Падение",1,0,0.0
unsafe_behavior,"Монтажные и грузоподъемные работы, Охрана окружающей среды",1,0,0.0
unsafe_behavior,"Монтажные и грузоподъемные работы, Перемещение грузов вручную, Машины и оборудование",1,0,0.0
unsafe_behavior,"Наряд-допуск / Оценка риска, Выполнение требований инструкций, Машины и оборудование, Вывешивание плакатов, СИЗ / Средства по обеспечению безопасности, Целостность объекта / Оборудования, Трубопроводы / Подземные коммуникации, Падающие предметы",1,0,0.0
unsafe_behavior,"Наряд-допуск / Оценка риска, Выполнение требований инструкций, Машины и оборудование, СИЗ / Средства по обеспечению безопасности",1,0,0.0
unsafe_behavior,"Наряд-допуск / Оценка риска, Выполнение требований инструкций, СИЗ / Средства по обеспечению безопасности",1,0,0.0
unsafe_behavior,"Наряд-допуск / Оценка риска, Монтажные и грузоподъемные работы",1,0,0.0
unsafe_behavior,"Наряд-допуск / Оценка риска, Перемещение грузов вручную, Рабочее место / Эргономика, Знаки безопасности / Предупредительные таблички",1,0,0.0
unsafe_behavior,"Наряд-допуск / Оценка риска, Поддержание чистоты и порядка",1,0,0.0
unsafe_behavior,"Наряд-допуск / Оценка риска, Работы на высоте / Строительные леса",1,0,0.0
unsafe_behavior,"Наряд-допуск / Оценка риска, СИЗ / Средства по обеспечению безопасности",1,0,0.0
unsafe_behavior,"Опасные вещества/сероводород, Выполнение требований инструкций",1,0,0.0
unsafe_behavior,"Опасные вещества/сероводород, Наряд-допуск / Оценка риска, Выполнение требований инструкций, СИЗ / Средства по обеспечению безопасности",1,0,0.0
unsafe_behavior,"Опасные вещества/сероводород, Рабочее место / Эргономика",1,0,0.0
unsafe_behavior,Опасные природные явления / Погодные условия,1,0,0.0
unsafe_behavior,"Охрана окружающей среды, Машины и оборудование",1,0,0.0
unsafe_behavior,"Охрана окружающей среды, Опасные вещества/сероводород",1,0,0.0
unsafe_behavior,"Охрана окружающей среды, Поддержание чистоты и порядка, Работы на высоте / Строительные леса",1,0,0.0
unsafe_behavior,"Охрана окружающей среды, СИЗ / Средства по обеспечению безопасности",1,0,0.0
unsafe_behavior,"Падающие предметы, Целостность объекта / Оборудования",1,0,0.0
unsafe_behavior,"Перемещение грузов вручную, Наряд-допуск / Оценка риска, Выполнение требований инструкций, Проскальзывание / Спотыкание / Падение, СИЗ / Средства по обеспечению безопасности, Переносное оборудование / Ручные инструменты, Падающие предметы, Рабочее место / Эргономика",1,0,0.0
unsafe_behavior,"Переносное оборудование / Ручные инструменты, Машины и оборудование",1,0,0.0
unsafe_behavior,"Переносное оборудование / Ручные инструменты, Машины и оборудование, Проскальзывание / Спотыкание / Падение, Падающие предметы, Монтажные и грузоподъемные работы, Наряд-допуск / Оценка риска",1,0,0.0
unsafe_behavior,"Переносное оборудование / Ручные инструменты, Поддержание чистоты и порядка, Наряд-допуск / Оценка риска",1,0,0.0
unsafe_behavior,"Переносное оборудование / Ручные инструменты, Рабочее место / Эргономика",1,0,0.0
unsafe_behavior,"Переносное оборудование / Ручные инструменты, Санитарно-бытовые помещения, Поддержание чистоты и порядка, Падающие предметы",1,0,0.0
unsafe_behavior,"Поддержание чистоты и порядка, Взрыво- и пожароопасность",1,0,0.0
unsafe_behavior,"Поддержание чистоты и порядка, Взрыво- и пожароопасность, Машины и оборудование",1,0,0.0
unsafe_behavior,"Поддержание чистоты и порядка, Выполнение требований инструкций, Рабочее место / Эргономика",1,0,0.0
unsafe_behavior,"Поддержание чистоты и порядка, Выполнение требований инструкций, СИЗ / Средства по обеспечению безопасности, Рабочее место / Эргономика, Опасные вещества/сероводород",1,0,0.0
unsafe_behavior,"Поддержание чистоты и порядка, Земляные работы, Санитарно-бытовые помещения, Рабочее место / Эргономика, Охрана окружающей среды",1,0,0.0
unsafe_behavior,"Поддержание чистоты и порядка, Знаки безопасности / Предупредительные таблички, Выполнение требований инструкций",1,0,0.0
unsafe_behavior,"Поддержание чистоты и порядка, Охрана окружающей среды, Рабочее место / Эргономика",1,0,0.0
unsafe_behavior,"Поддержание чистоты и порядка, Проскальзывание / Спотыкание / Падение",1,0,0.0
unsafe_behavior,"Поддержание чистоты и порядка, Рабочее место / Эргономика, Выполнение требований инструкций",1,0,0.0
unsafe_behavior,"Поддержание чистоты и порядка, СИЗ / Средства по обеспечению безопасности, Рабочее место / Эргономика, Опасные вещества/сероводород",1,0,0.0
unsafe_behavior,"Поддержание чистоты и порядка, Санитарно-бытовые помещения, Рабочее место / Эргономика",1,0,0.0
unsafe_behavior,"Поддержание чистоты и порядка, Сварка / Шлифовка / Отжиг, СИЗ / Средства по обеспечению безопасности, Переносное оборудование / Ручные инструменты, Машины и оборудование, Наряд-допуск / Оценка риска",1,0,0.0
unsafe_behavior,"Проскальзывание / Спотыкание / Падение, Вывешивание плакатов, Знаки безопасности / Предупредительные таблички, Электрооборудование, Выполнение требований инструкций, Машины и оборудование, Переносное оборудование / Ручные инструменты, СИЗ / Средства по обеспечению безопасности",1,0,0.0
unsafe_behavior,"Проскальзывание / Спотыкание / Падение, Знаки безопасности / Предупредительные таблички",1,0,0.0
unsafe_behavior,"Проскальзывание / Спотыкание / Падение, Знаки безопасности / Предупредительные таблички, Поддержание чистоты и порядка, Рабочее место / Эргономика, Перемещение грузов вручную",1,0,0.0
unsafe_behavior,"Проскальзывание / Спотыкание / Падение, Падающие предметы, Монтажные и грузоподъемные работы",1,0,0.0
unsafe_behavior,"Проскальзывание / Спотыкание / Падение, СИЗ / Средства по обеспечению безопасности",1,0,0.0
unsafe_behavior,"Проскальзывание / Спотыкание / Падение, СИЗ / Средства по обеспечению безопасности, Трубопроводы / Подземные коммуникации, Падающие предметы, Электрооборудование",1,0,0.0
unsafe_behavior,"Проскальзывание / Спотыкание / Падение, Электрооборудование",1,0,0.0
unsafe_behavior,"Работы в замкнутом пространстве, Взрыво- и пожароопасность, Знаки безопасности / Предупредительные таблички, СИЗ / Средства по обеспечению безопасности, Переносное оборудование / Ручные инструменты, Поддержание чистоты и порядка, Охрана окружающей среды, Наряд-допуск / Оценка риска",1,0,0.0
unsafe_behavior,"Работы в замкнутом пространстве, Взрыво- и пожароопасность, Работы на высоте / Строительные леса, СИЗ / Средства по обеспечению безопасности, Трубопроводы / Подземные коммуникации, Поддержание чистоты и порядка, Охрана окружающей среды, Монтажные и грузоподъемные работы, Наряд-допуск / Оценка риска, Опасные вещества/сероводород",1,0,0.0
unsafe_behavior,"Работы в замкнутом пространстве, Наряд-допуск / Оценка риска",1,0,0.0
unsafe_behavior,"Работы в замкнутом пространстве, Наряд-допуск / Оценка риска, Выполнение требований инструкций, СИЗ / Средства по обеспечению безопасности",1,0,0.0
unsafe_behavior,"Работы в замкнутом пространстве, Проскальзывание / Спотыкание / Падение, Переносное оборудование / Ручные инструменты, СИЗ / Средства по обеспечению безопасности, Рабочее место / Эргономика, Санитарно-бытовые помещения, Поддержание чистоты и порядка, Охрана окружающей среды",1,0,0.0
unsafe_behavior,"Работы в замкнутом пространстве, Работы на высоте / Строительные леса, СИЗ / Средства по обеспечению безопасности, Переносное оборудование / Ручные инструменты, Падающие предметы",1,0,0.0
unsafe_behavior,"Работы в замкнутом пространстве, СИЗ / Средства по обеспечению безопасности",1,0,0.0
unsafe_behavior,"Работы в замкнутом пространстве, СИЗ / Средства по обеспечению безопасности, Монтажные и грузоподъемные работы, Наряд-допуск / Оценка риска, Выполнение требований инструкций, Проскальзывание / Спотыкание / Падение",1,0,0.0
unsafe_behavior,"Работы на высоте / Строительные леса, Выполнение требований инструкций, Проскальзывание / Спотыкание / Падение",1,0,0.0
unsafe_behavior,"Работы на высоте / Строительные леса, Наряд-допуск / Оценка риска, Выполнение требований инструкций",1,0,0.0
unsafe_behavior,"Работы на высоте / Строительные леса, Падающие предметы",1,0,0.0
unsafe_behavior,"Работы на высоте / Строительные леса, Падающие предметы, Монтажные и грузоподъемные работы",1,0,0.0
unsafe_behavior,"Работы на высоте / Строительные леса, Переносное оборудование / Ручные инструменты, Вывешивание плакатов, Охрана окружающей среды, Поддержание чистоты и порядка",1,0,0.0
unsafe_behavior,"Работы на высоте / Строительные леса, Проскальзывание / Спотыкание / Падение",1,0,0.0
unsafe_behavior,"Работы на высоте / Строительные леса, Проскальзывание / Спотыкание / Падение, СИЗ / Средства по обеспечению безопасности",1,0,0.0
unsafe_behavior,"Работы на высоте / Строительные леса, Работы в замкнутом пространстве, Знаки безопасности / Предупредительные таблички",1,0,0.0
unsafe_behavior,"Работы на высоте / Строительные леса, СИЗ / Средства по обеспечению безопасности",1,0,0.0
unsafe_behavior,"Работы на высоте / Строительные леса, СИЗ / Средства по обеспечению безопасности, Сварка / Шлифовка / Отжиг",1,0,0.0
unsafe_behavior,"Работы на высоте / Строительные леса, СИЗ / Средства по обеспечению безопасности, Электрооборудование",1,0,0.0
unsafe_behavior,"Рабочее место / Эргономика, Машины и оборудование",1,0,0.0
unsafe_behavior,"Рабочее место / Эргономика, СИЗ / Средства по обеспечению безопасности",1,0,0.0
unsafe_behavior,"Рабочее место / Эргономика, Санитарно-бытовые помещения",1,0,0.0
unsafe_behavior,"Рабочее место / Эргономика, Трубопроводы / Подземные коммуникации",1,0,0.0
unsafe_behavior,"СИЗ / Средства по обеспечению безопасности, Выполнение требований инструкций, Поддержание чистоты и порядка",1,0,0.0
unsafe_behavior,"СИЗ / Средства по обеспечению безопасности, Земляные работы, Поддержание чистоты и порядка",1,0,0.0
unsafe_behavior,"СИЗ / Средства по обеспечению безопасности, Машины и оборудование, Наряд-допуск / Оценка риска",1,0,0.0
unsafe_behavior,"СИЗ / Средства по обеспечению безопасности, Монтажные и грузоподъемные работы",1,0,0.0
unsafe_behavior,"СИЗ / Средства по обеспечению безопасности, Монтажные и грузоподъемные работы, Наряд-допуск / Оценка риска",1,0,0.0
unsafe_behavior,"СИЗ / Средства по обеспечению безопасности, Монтажные и грузоподъемные работы, Наряд-допуск / Оценка риска, Выполнение требований инструкций",1,0,0.0
unsafe_behavior,"СИЗ / Средства по обеспечению безопасности, Опасные вещества/сероводород",1,0,0.0
unsafe_behavior,"СИЗ / Средства по обеспечению безопасности, Опасные природные явления / Погодные условия",1,0,0.0
unsafe_behavior,"СИЗ / Средства по обеспечению безопасности, Падающие предметы",1,0,0.0
unsafe_behavior,"СИЗ / Средства по обеспечению безопасности, Перемещение грузов вручную, Выполнение требований инструкций",1,0,0.0
unsafe_behavior,"СИЗ / Средства по обеспечению безопасности, Переносное оборудование / Ручные инструменты, Перемещение грузов вручную, Проскальзывание / Спотыкание / Падение, Падающие предметы, Наряд-допуск / Оценка риска",1,0,0.0
unsafe_behavior,"СИЗ / Средства по обеспечению безопасности, Переносное оборудование / Ручные инструменты, Поддержание чистоты и порядка, Знаки безопасности / Предупредительные таблички",1,0,0.0
unsafe_behavior,"СИЗ / Средства по обеспечению безопасности, Переносное оборудование / Ручные инструменты, Целостность объекта / Оборудования, Машины и оборудование, Наряд-допуск / Оценка риска",1,0,0.0
unsafe_behavior,"СИЗ / Средства по обеспечению безопасности, Поддержание чистоты и порядка",1,0,0.0
unsafe_behavior,"СИЗ / Средства по обеспечению безопасности, Проскальзывание / Спотыкание / Падение",1,0,0.0
unsafe_behavior,"СИЗ / Средства по обеспечению безопасности, Работы на высоте / Строительные леса, Вывешивание плакатов",1,0,0.0
unsafe_behavior,"СИЗ / Средства по обеспечению безопасности, Работы на высоте / Строительные леса, Наряд-допуск / Оценка риска",1,0,0.0
unsafe_behavior,"СИЗ / Средства по обеспечению безопасности, Работы на высоте / Строительные леса, Проскальзывание / Спотыкание / Падение",1,0,0.0
unsafe_behavior,"СИЗ / Средства по обеспечению безопасности, Сварка / Шлифовка / Отжиг, Наряд-допуск / Оценка риска",1,0,0.0
unsafe_behavior,"СИЗ / Средства по обеспечению безопасности, Целостность объекта / Оборудования, Переносное оборудование / Ручные инструменты, Падающие предметы, Охрана окружающей среды, Рабочее место / Эргономика, Выполнение требований инструкций",1,0,0.0
unsafe_behavior,"Санитарно-бытовые помещения, Поддержание чистоты и порядка",1,0,0.0
unsafe_behavior,"Сварка / Шлифовка / Отжиг, Взрыво- и пожароопасность",1,0,0.0
unsafe_behavior,"Сварка / Шлифовка / Отжиг, Монтажные и грузоподъемные работы",1,0,0.0
unsafe_behavior,"Сварка / Шлифовка / Отжиг, Монтажные и грузоподъемные работы, Переносное оборудование / Ручные инструменты",1,0,0.0
unsafe_behavior,"Сварка / Шлифовка / Отжиг, Проскальзывание / Спотыкание / Падение, Земляные работы, СИЗ / Средства по обеспечению безопасности, Переносное оборудование / Ручные инструменты, Падающие предметы, Перемещение грузов вручную, Электрооборудование",1,0,0.0
unsafe_behavior,"Сварка / Шлифовка / Отжиг, Проскальзывание / Спотыкание / Падение, Знаки безопасности / Предупредительные таблички, Работы на высоте / Строительные леса, СИЗ / Средства по обеспечению безопасности, Переносное оборудование / Ручные инструменты, Падающие предметы, Наряд-допуск / Оценка риска",1,0,0.0
unsafe_behavior,"Сварка / Шлифовка / Отжиг, СИЗ / Средства по обеспечению безопасности, Охрана окружающей среды, Проскальзывание / Спотыкание / Падение",1,0,0.0
unsafe_behavior,"Сварка / Шлифовка / Отжиг, СИЗ / Средства по обеспечению безопасности, Трубопроводы / Подземные коммуникации, Поддержание чистоты и порядка",1,0,0.0
unsafe_behavior,"Сварка / Шлифовка / Отжиг, Электрооборудование, Машины и оборудование",1,0,0.0
unsafe_behavior,"Транспортировка, Взрыво- и пожароопасность",1,0,0.0
unsafe_behavior,"Транспортировка, Вождение, Знаки безопасности / Предупредительные таблички",1,0,0.0
unsafe_behavior,"Транспортировка, Выполнение требований инструкций, Вождение",1,0,0.0
unsafe_behavior,"Транспортировка, Земляные работы",1,0,0.0
unsafe_behavior,"Транспортировка, Земляные работы, Падающие предметы, Перемещение грузов вручную, Машины и оборудование, Опасные природные явления / Погодные условия, Охрана окружающей среды, Санитарно-бытовые помещения, СИЗ / Средства по обеспечению безопасности",1,0,0.0
unsafe_behavior,"Транспортировка, Земляные работы, Поддержание чистоты и порядка",1,0,0.0
unsafe_behavior,"Транспортировка, Монтажные и грузоподъемные работы, Проскальзывание / Спотыкание / Падение",1,0,0.0
unsafe_behavior,"Транспортировка, Наряд-допуск / Оценка риска, Монтажные и грузоподъемные работы",1,0,0.0
unsafe_behavior,"Транспортировка, Наряд-допуск / Оценка риска, Работы на высоте / Строительные леса",1,0,0.0
unsafe_behavior,"Транспортировка, Поддержание чистоты и порядка, Выполнение требований инструкций",1,0,0.0
unsafe_behavior,"Транспортировка, Поддержание чистоты и порядка, Охрана окружающей среды, Переносное оборудование / Ручные инструменты",1,0,0.0
unsafe_behavior,"Транспортировка, Работы в замкнутом пространстве, Монтажные и грузоподъемные работы, Наряд-допуск / Оценка риска, Взрыво- и пожароопасность, Проскальзывание / Спотыкание / Падение",1,0,0.0
unsafe_behavior,"Транспортировка, Рабочее место / Эргономика",1,0,0.0
unsafe_behavior,"Транспортировка, СИЗ / Средства по обеспечению безопасности",1,0,0.0
unsafe_behavior,"Транспортировка, Трубопроводы / Подземные коммуникации, Машины и оборудование",1,0,0.0
unsafe_behavior,"Трубопроводы / Подземные коммуникации, Падающие предметы, Рабочее место / Эргономика",1,0,0.0
unsafe_behavior,"Трубопроводы / Подземные коммуникации, Переносное оборудование / Ручные инструменты, Падающие предметы, Испытание под давлением",1,0,0.0
unsafe_behavior,"Целостность объекта / Оборудования, Охрана окружающей среды",1,0,0.0
unsafe_behavior,"Целостность объекта / Оборудования, Трубопроводы / Подземные коммуникации, Падающие предметы, Поддержание чистоты и порядка",1,0,0.0
unsafe_behavior,"Электрооборудование, Выполнение требований инструкций",1,0,0.0
unsafe_behavior,"Электрооборудование, Выполнение требований инструкций, Знаки безопасности / Предупредительные таблички",1,0,0.0
unsafe_behavior,"Электрооборудование, Машины и оборудование",1,0,0.0
unsafe_behavior,"Электрооборудование, Переносное оборудование / Ручные инструменты, Выполнение требований инструкций",1,0,0.0
unsafe_condition,"Аварийное реагирование / Готовность к ЧС, Выполнение требований инструкций",1,0,0.0
unsafe_condition,"Аварийное реагирование / Готовность к ЧС, Выполнение требований инструкций, Вождение",1,0,0.0
unsafe_condition,"Аварийное реагирование / Готовность к ЧС, Машины и оборудование, Целостность объекта / Оборудования",1,0,0.0
unsafe_condition,"Аварийное реагирование / Готовность к ЧС, Опасные природные явления / Погодные условия",1,0,0.0
unsafe_condition,"Аварийное реагирование / Готовность к ЧС, Проскальзывание / Спотыкание / Падение, Целостность объекта / Оборудования",1,0,0.0
unsafe_condition,"Взрыво- и пожароопасность, Аварийное реагирование / Готовность к ЧС, Поддержание чистоты и порядка, Санитарно-бытовые помещения",1,0,0.0
unsafe_condition,"Взрыво- и пожароопасность, Знаки безопасности / Предупредительные таблички, Опасные вещества/сероводород, Электрооборудование, Выполнение требований инструкций",1,0,0.0
unsafe_condition,"Взрыво- и пожароопасность, Знаки безопасности / Предупредительные таблички, Поддержание чистоты и порядка, Электрооборудование",1,0,0.0
unsafe_condition,"Взрыво- и пожароопасность, Знаки безопасности / Предупредительные таблички, Трубопроводы / Подземные коммуникации, Электрооборудование",1,0,0.0
unsafe_condition,"Взрыво- и пожароопасность, Охрана окружающей среды",1,0,0.0
unsafe_condition,"Взрыво- и пожароопасность, Поддержание чистоты и порядка",1,0,0.0
unsafe_condition,"Взрыво- и пожароопасность, Проскальзывание / Спотыкание / Падение",1,0,0.0
unsafe_condition,"Взрыво- и пожароопасность, Сварка / Шлифовка / Отжиг, Выполнение требований инструкций",1,0,0.0
unsafe_condition,"Взрыво- и пожароопасность, Целостность объекта / Оборудования",1,0,0.0
unsafe_condition,"Взрыво- и пожароопасность, Электрооборудование",1,0,0.0
unsafe_condition,"Взрыво- и пожароопасность, Электрооборудование, Переносное оборудование / Ручные инструменты, Целостность объекта / Оборудования",1,0,0.0
unsafe_condition,"Вождение, Земляные работы",1,0,0.0
unsafe_condition,"Вождение, Знаки безопасности / Предупредительные таблички, СИЗ / Средства по обеспечению безопасности",1,0,0.0
unsafe_condition,"Вождение, Транспортировка, Опасные природные явления / Погодные условия",1,0,0.0
unsafe_condition,"Вождение, Трубопроводы / Подземные коммуникации, Наряд-допуск / Оценка риска",1,0,0.0
unsafe_condition,"Вывешивание плакатов, Взрыво- и пожароопасность, СИЗ / Средства по обеспечению безопасности",1,0,0.0
unsafe_condition,"Вывешивание плакатов, Вождение",1,0,0.0
unsafe_condition,"Вывешивание плакатов, Знаки безопасности / Предупредительные таблички, Земляные работы",1,0,0.0
unsafe_condition,"Вывешивание плакатов, Знаки безопасности / Предупредительные таблички, Машины и оборудование, Целостность объекта / Оборудования",1,0,0.0
unsafe_condition,"Вывешивание плакатов, Знаки безопасности / Предупредительные таблички, Работы на высоте / Строительные леса",1,0,0.0
unsafe_condition,"Вывешивание плакатов, Знаки безопасности / Предупредительные таблички, Трубопроводы / Подземные коммуникации, Проскальзывание / Спотыкание / Падение, Земляные работы",1,0,0.0
unsafe_condition,"Вывешивание плакатов, Машины и оборудование",1,0,0.0
unsafe_condition,"Вывешивание плакатов, Машины и оборудование, Монтажные и грузоподъемные работы",1,0,0.0
unsafe_condition,"Вывешивание плакатов, Монтажные и грузоподъемные работы",1,0,0.0
unsafe_condition,"Вывешивание плакатов, Падающие предметы",1,0,0.0
unsafe_condition,"Вывешивание плакатов, Работы в замкнутом пространстве, Взрыво- и пожароопасность, Знаки безопасности / Предупредительные таблички, Поддержание чистоты и порядка, Охрана окружающей среды, Опасные вещества/сероводород",1,0,0.0
unsafe_condition,"Вывешивание плакатов, Рабочее место / Эргономика",1,0,0.0
unsafe_condition,"Вывешивание плакатов, Сварка / Шлифовка / Отжиг, Знаки безопасности / Предупредительные таблички, СИЗ / Средства по обеспечению безопасности, Трубопроводы / Подземные коммуникации, Перемещение грузов вручную, Электрооборудование, Наряд-допуск / Оценка риска, Выполнение требований инструкций, Поддержание чистоты и порядка, Переносное оборудование / Ручные инструменты, Проскальзывание / Спотыкание / Падение, Взрыво- и пожароопасность",1,0,0.0
unsafe_condition,"Вывешивание плакатов, Трубопроводы / Подземные коммуникации, Электрооборудование, Переносное оборудование / Ручные инструменты, Монтажные и грузоподъемные работы",1,0,0.0
unsafe_condition,"Вывешивание плакатов, Целостность объекта / Оборудования, Выполнение требований инструкций",1,0,0.0
unsafe_condition,"Выполнение требований инструкций, Аварийное реагирование / Готовность к ЧС, Монтажные и грузоподъемные работы",1,0,0.0
unsafe_condition,"Выполнение требований инструкций, Аварийное реагирование / Готовность к ЧС, Монтажные и грузоподъемные работы, Рабочее место / Эргономика",1,0,0.0
unsafe_condition,"Выполнение требований инструкций, Аварийное реагирование / Готовность к ЧС, Рабочее место / Эргономика",1,0,0.0
unsafe_condition,"Выполнение требований инструкций, Взрыво- и пожароопасность, Целостность объекта / Оборудования",1,0,0.0
unsafe_condition,"Выполнение требований инструкций, Вывешивание плакатов",1,0,0.0
unsafe_condition,"Выполнение требований инструкций, Земляные работы, Знаки безопасности / Предупредительные таблички",1,0,0.0
unsafe_condition,"Выполнение требований инструкций, Знаки безопасности / Предупредительные таблички, Рабочее место / Эргономика",1,0,0.0
unsafe_condition,"Выполнение требований инструкций, Знаки безопасности / Предупредительные таблички, Электрооборудование",1,0,0.0
unsafe_condition,"Выполнение требований инструкций, Машины и оборудование, Электрооборудование, Трубопроводы / Подземные коммуникации",1,0,0.0
unsafe_condition,"Выполнение требований инструкций, Монтажные и грузоподъемные работы, Наряд-допуск / Оценка риска",1,0,0.0
unsafe_condition,"Выполнение требований инструкций, Наряд-допуск / Оценка риска",1,0,0.0
unsafe_condition,"Выполнение требований инструкций, Охрана окружающей среды, Знаки безопасности / Предупредительные таблички, Земляные работы",1,0,0.0
unsafe_condition,"Выполнение требований инструкций, Падающие предметы, Опасные природные явления / Погодные условия",1,0,0.0
unsafe_condition,"Выполнение требований инструкций, Переносное оборудование / Ручные инструменты, Работы на высоте / Строительные леса",1,0,0.0
unsafe_condition,"Выполнение требований инструкций, Переносное оборудование / Ручные инструменты, Работы на высоте / Строительные леса, Целостность объекта / Оборудования",1,0,0.0
unsafe_condition,"Выполнение требований инструкций, Поддержание чистоты и порядка, Рабочее место / Эргономика",1,0,0.0
unsafe_condition,"Выполнение требований инструкций, Проскальзывание / Спотыкание / Падение, Опасные природные явления / Погодные условия",1,0,0.0
unsafe_condition,"Выполнение требований инструкций, Проскальзывание / Спотыкание / Падение, Поддержание чистоты и порядка",1,0,0.0
unsafe_condition,"Выполнение требований инструкций, Работы на высоте / Строительные леса, Переносное оборудование / Ручные инструменты, Целостность объекта / Оборудования",1,0,0.0
unsafe_condition,"Выполнение требований инструкций, Рабочее место / Эргономика, Взрыво- и пожароопасность",1,0,0.0
unsafe_condition,"Выполнение требований инструкций, Рабочее место / Эргономика, Поддержание чистоты и порядка",1,0,0.0
unsafe_condition,"Выполнение требований инструкций, Санитарно-бытовые помещения",1,0,0.0
unsafe_condition,"Выполнение требований инструкций, Сварка / Шлифовка / Отжиг, Трубопроводы / Подземные коммуникации, Охрана окружающей среды",1,0,0.0
unsafe_condition,"Выполнение требований инструкций, Сварка / Шлифовка / Отжиг, Электрооборудование",1,0,0.0
unsafe_condition,"Выполнение требований инструкций, Транспортировка, Перемещение грузов вручную, Падающие предметы, Наряд-допуск / Оценка риска",1,0,0.0
unsafe_condition,"Выполнение требований инструкций, Целостность объекта / Оборудования, Машины и оборудование",1,0,0.0
unsafe_condition,"Выполнение требований инструкций, Целостность объекта / Оборудования, Работы на высоте / Строительные леса",1,0,0.0
unsafe_condition,"Выполнение требований инструкций, Целостность объекта / Оборудования, Рабочее место / Эргономика, Переносное оборудование / Ручные инструменты",1,0,0.0
unsafe_condition,"Земляные работы, Выполнение требований инструкций",1,0,0.0
unsafe_condition,"Земляные работы, Падающие предметы",1,0,0.0
unsafe_condition,"Земляные работы, Поддержание чистоты и порядка",1,0,0.0
unsafe_condition,"Земляные работы, Трубопроводы / Подземные коммуникации, Сварка / Шлифовка / Отжиг",1,0,0.0
unsafe_condition,"Земляные работы, Целостность объекта / Оборудования, Машины и оборудование, Выполнение требований инструкций",1,0,0.0
unsafe_condition,"Земляные работы, Электрооборудование, Опасные природные явления / Погодные условия",1,0,0.0
unsafe_condition,"Знаки безопасности / Предупредительные таблички, Вывешивание плакатов",1,0,0.0
unsafe_condition,"Знаки безопасности / Предупредительные таблички, Выполнение требований инструкций, Земляные работы",1,0,0.0
unsafe_condition,"Знаки безопасности / Предупредительные таблички, Земляные работы",1,0,0.0
unsafe_condition,"Знаки безопасности / Предупредительные таблички, Опасные природные явления / Погодные условия, Выполнение требований инструкций, Падающие предметы, Монтажные и грузоподъемные работы, Наряд-допуск / Оценка риска",1,0,0.0
unsafe_condition,"Знаки безопасности / Предупредительные таблички, Охрана окружающей среды",1,0,0.0
unsafe_condition,"Знаки безопасности / Предупредительные таблички, Охрана окружающей среды, Выполнение требований инструкций",1,0,0.0
unsafe_condition,"Знаки безопасности / Предупредительные таблички, Поддержание чистоты и порядка, Проскальзывание / Спотыкание / Падение",1,0,0.0
unsafe_condition,"Знаки безопасности / Предупредительные таблички, Рабочее место / Эргономика",1,0,0.0
unsafe_condition,"Знаки безопасности / Предупредительные таблички, Рабочее место / Эргономика, Наряд-допуск / Оценка риска, Выполнение требований инструкций",1,0,0.0
unsafe_condition,"Знаки безопасности / Предупредительные таблички, СИЗ / Средства по обеспечению безопасности, Монтажные и грузоподъемные работы",1,0,0.0
unsafe_condition,"Знаки безопасности / Предупредительные таблички, Трубопроводы / Подземные коммуникации, Выполнение требований инструкций",1,0,0.0
unsafe_condition,"Знаки безопасности / Предупредительные таблички, Целостность объекта / Оборудования",1,0,0.0
unsafe_condition,"Знаки безопасности / Предупредительные таблички, Электрооборудование, Вывешивание плакатов",1,0,0.0
unsafe_condition,"Знаки безопасности / Предупредительные таблички, Электрооборудование, Переносное оборудование / Ручные инструменты",1,0,0.0
unsafe_condition,"Испытание под давлением, Выполнение требований инструкций",1,0,0.0
unsafe_condition,"Испытание под давлением, Трубопроводы / Подземные коммуникации",1,0,0.0
unsafe_condition,"Машины и оборудование, Выполнение требований инструкций, Вывешивание плакатов",1,0,0.0
unsafe_condition,"Машины и оборудование, Выполнение требований инструкций, Земляные работы, Целостность объекта / Оборудования",1,0,0.0
unsafe_condition,"Машины и оборудование, Выполнение требований инструкций, Охрана окружающей среды, Целостность объекта / Оборудования",1,0,0.0
unsafe_condition,"Машины и оборудование, Выполнение требований инструкций, Целостность объекта / Оборудования, Испытание под давлением",1,0,0.0
unsafe_condition,"Машины и оборудование, Знаки безопасности / Предупредительные таблички",1,0,0.0
unsafe_condition,"Машины и оборудование, Монтажные и грузоподъемные работы",1,0,0.0
unsafe_condition,"Машины и оборудование, Наряд-допуск / Оценка риска, Выполнение требований инструкций, Знаки безопасности / Предупредительные таблички",1,0,0.0
unsafe_condition,"Машины и оборудование, Наряд-допуск / Оценка риска, Сварка / Шлифовка / Отжиг, Знаки безопасности / Предупредительные таблички",1,0,0.0
unsafe_condition,"Машины и оборудование, Поддержание чистоты и порядка, Рабочее место / Эргономика",1,0,0.0
unsafe_condition,"Машины и оборудование, Проскальзывание / Спотыкание / Падение",1,0,0.0
unsafe_condition,"Машины и оборудование, Проскальзывание / Спотыкание / Падение, Монтажные и грузоподъемные работы, Наряд-допуск / Оценка риска",1,0,0.0
unsafe_condition,"Машины и оборудование, Проскальзывание / Спотыкание / Падение, Целостность объекта / Оборудования, Наряд-допуск / Оценка риска",1,0,0.0
unsafe_condition,"Машины и оборудование, Рабочее место / Эргономика",1,0,0.0
unsafe_condition,"Машины и оборудование, Рабочее место / Эргономика, Поддержание чистоты и порядка",1,0,0.0
unsafe_condition,"Машины и оборудование, Целостность объекта / Оборудования, Падающие предметы",1,0,0.0
unsafe_condition,"Машины и оборудование, Электрооборудование",1,0,0.0
unsafe_condition,"Машины и оборудование, Электрооборудование, Проскальзывание / Спотыкание / Падение, Знаки безопасности / Предупредительные таблички, Рабочее место / Эргономика",1,0,0.0
unsafe_condition,"Монтажные и грузоподъемные работы, Знаки безопасности / Предупредительные таблички, Падающие предметы",1,0,0.0
unsafe_condition,"Монтажные и грузоподъемные работы, Знаки безопасности / Предупредительные таблички, Рабочее место / Эргономика",1,0,0.0
unsafe_condition,"Монтажные и грузоподъемные работы, Машины и оборудование, Работы на высоте / Строительные леса",1,0,0.0
unsafe_condition,"Монтажные и грузоподъемные работы, Машины и оборудование, Целостность объекта / Оборудования",1,0,0.0
unsafe_condition,"Монтажные и грузоподъемные работы, Наряд-допуск / Оценка риска",1,0,0.0
unsafe_condition,"Монтажные и грузоподъемные работы, Наряд-допуск / Оценка риска, Работы на высоте / Строительные леса",1,0,0.0
unsafe_condition,"Монтажные и грузоподъемные работы, Наряд-допуск / Оценка риска, Электрооборудование",1,0,0.0
unsafe_condition,"Монтажные и грузоподъемные работы, Поддержание чистоты и порядка",1,0,0.0
unsafe_condition,"Монтажные и грузоподъемные работы, Рабочее место / Эргономика, Знаки безопасности / Предупредительные таблички, Выполнение требований инструкций",1,0,0.0
unsafe_condition,"Монтажные и грузоподъемные работы, Транспортировка",1,0,0.0
unsafe_condition,"Наряд-допуск / Оценка риска, Выполнение требований инструкций, Знаки безопасности / Предупредительные таблички",1,0,0.0
unsafe_condition,"Наряд-допуск / Оценка риска, Выполнение требований инструкций, Работы на высоте / Строительные леса",1,0,0.0
unsafe_condition,"Наряд-допуск / Оценка риска, Выполнение требований инструкций, СИЗ / Средства по обеспечению безопасности",1,0,0.0
unsafe_condition,"Наряд-допуск / Оценка риска, Проскальзывание / Спотыкание / Падение",1,0,0.0
unsafe_condition,"Наряд-допуск / Оценка риска, Рабочее место / Эргономика",1,0,0.0
unsafe_condition,"Наряд-допуск / Оценка риска, Трубопроводы / Подземные коммуникации",1,0,0.0
unsafe_condition,"Опасные вещества/сероводород, Земляные работы",1,0,0.0
unsafe_condition,"Опасные вещества/сероводород, Наряд-допуск / Оценка риска, Вывешивание плакатов, Взрыво- и пожароопасность, Рабочее место / Эргономика, Поддержание чистоты и порядка",1,0,0.0
unsafe_condition,"Опасные вещества/сероводород, Проскальзывание / Спотыкание / Падение",1,0,0.0
unsafe_condition,"Опасные вещества/сероводород, Санитарно-бытовые помещения",1,0,0.0
unsafe_condition,"Опасные природные явления / Погодные условия, Проскальзывание / Спотыкание / Падение, Выполнение требований инструкций",1,0,0.0
unsafe_condition,"Опасные природные явления / Погодные условия, Рабочее место / Эргономика",1,0,0.0
unsafe_condition,"Опасные природные явления / Погодные условия, Рабочее место / Эргономика, Падающие предметы",1,0,0.0
unsafe_condition,"Охрана окружающей среды, Взрыво- и пожароопасность",1,0,0.0
unsafe_condition,"Охрана окружающей среды, Опасные вещества/сероводород",1,0,0.0
unsafe_condition,"Охрана окружающей среды, Поддержание чистоты и порядка, Трубопроводы / Подземные коммуникации",1,0,0.0
unsafe_condition,"Охрана окружающей среды, Рабочее место / Эргономика",1,0,0.0
unsafe_condition,"Охрана окружающей среды, Рабочее место / Эргономика, Проскальзывание / Спотыкание / Падение",1,0,0.0
unsafe_condition,"Охрана окружающей среды, Трубопроводы / Подземные коммуникации, Знаки безопасности / Предупредительные таблички, Выполнение требований инструкций",1,0,0.0
unsafe_condition,"Охрана окружающей среды, Целостность объекта / Оборудования",1,0,0.0
unsafe_condition,"Падающие предметы, Опасные природные явления / Погодные условия",1,0,0.0
unsafe_condition,"Падающие предметы, Работы на высоте / Строительные леса",1,0,0.0
unsafe_condition,"Падающие предметы, Рабочее место / Эргономика",1,0,0.0
unsafe_condition,"Падающие предметы, Санитарно-бытовые помещения",1,0,0.0
unsafe_condition,"Падающие предметы, Сварка / Шлифовка / Отжиг",1,0,0.0
unsafe_condition,"Падающие предметы, Электрооборудование, Рабочее место / Эргономика",1,0,0.0
unsafe_condition,"Перемещение грузов вручную, Выполнение требований инструкций",1,0,0.0
unsafe_condition,"Перемещение грузов вручную, Машины и оборудование",1,0,0.0
unsafe_condition,"Переносное оборудование / Ручные инструменты, Выполнение требований инструкций, Работы в замкнутом пространстве",1,0,0.0
unsafe_condition,"Переносное оборудование / Ручные инструменты, Рабочее место / Эргономика",1,0,0.0
unsafe_condition,"Переносное оборудование / Ручные инструменты, Электрооборудование, Испытание под давлением, Машины и оборудование",1,0,0.0
unsafe_condition,"Поддержание чистоты и порядка, Вождение, Машины и оборудование",1,0,0.0
unsafe_condition,"Поддержание чистоты и порядка, Выполнение требований инструкций, Рабочее место / Эргономика",1,0,0.0
unsafe_condition,"Поддержание чистоты и порядка, Опасные природные явления / Погодные условия, Выполнение требований инструкций",1,0,0.0
unsafe_condition,"Поддержание чистоты и порядка, Опасные природные явления / Погодные условия, Проскальзывание / Спотыкание / Падение",1,0,0.0
unsafe_condition,"Поддержание чистоты и порядка, Охрана окружающей среды, Выполнение требований инструкций, Опасные вещества/сероводород",1,0,0.0
unsafe_condition,"Поддержание чистоты и порядка, Охрана окружающей среды, Выполнение требований инструкций, Санитарно-бытовые помещения",1,0,0.0
unsafe_condition,"Поддержание чистоты и порядка, Охрана окружающей среды, СИЗ / Средства по обеспечению безопасности, Трубопроводы / Подземные коммуникации, Целостность объекта / Оборудования",1,0,0.0
unsafe_condition,"Поддержание чистоты и порядка, Падающие предметы, Проскальзывание / Спотыкание / Падение",1,0,0.0
unsafe_condition,"Поддержание чистоты и порядка, Переносное оборудование / Ручные инструменты",1,0,0.0
unsafe_condition,"Поддержание чистоты и порядка, Проскальзывание / Спотыкание / Падение, Выполнение требований инструкций",1,0,0.0
unsafe_condition,"Поддержание чистоты и порядка, Проскальзывание / Спотыкание / Падение, Машины и оборудование",1,0,0.0
unsafe_condition,"Поддержание чистоты и порядка, Рабочее место / Эргономика, Переносное оборудование / Ручные инструменты",1,0,0.0
unsafe_condition,"Поддержание чистоты и порядка, Рабочее место / Эргономика, Проскальзывание / Спотыкание / Падение, Взрыво- и пожароопасность",1,0,0.0
unsafe_condition,"Поддержание чистоты и порядка, Санитарно-бытовые помещения, Охрана окружающей среды, Целостность объекта / Оборудования",1,0,0.0
unsafe_condition,"Поддержание чистоты и порядка, Санитарно-бытовые помещения, Рабочее место / Эргономика, Охрана окружающей среды",1,0,0.0
unsafe_condition,"Поддержание чистоты и порядка, Санитарно-бытовые помещения, Целостность объекта / Оборудования",1,0,0.0
unsafe_condition,"Поддержание чистоты и порядка, Транспортировка",1,0,0.0
unsafe_condition,"Поддержание чистоты и порядка, Транспортировка, Рабочее место / Эргономика, Проскальзывание / Спотыкание / Падение",1,0,0.0
unsafe_condition,"Поддержание чистоты и порядка, Электрооборудование",1,0,0.0
unsafe_condition,"Проскальзывание / Спотыкание / Падение, Взрыво- и пожароопасность",1,0,0.0
unsafe_condition,"Проскальзывание / Спотыкание / Падение, Вывешивание плакатов, Падающие предметы",1,0,0.0
unsafe_condition,"Проскальзывание / Спотыкание / Падение, Знаки безопасности / Предупредительные таблички, Опасные природные явления / Погодные условия",1,0,0.0
unsafe_condition,"Проскальзывание / Спотыкание / Падение, Опасные вещества/сероводород",1,0,0.0
unsafe_condition,"Проскальзывание / Спотыкание / Падение, Опасные природные явления / Погодные условия, Выполнение требований инструкций",1,0,0.0
unsafe_condition,"Проскальзывание / Спотыкание / Падение, Опасные природные явления / Погодные условия, Знаки безопасности / Предупредительные таблички",1,0,0.0
unsafe_condition,"Проскальзывание / Спотыкание / Падение, Падающие предметы, Сварка / Шлифовка / Отжиг",1,0,0.0
unsafe_condition,"Проскальзывание / Спотыкание / Падение, Поддержание чистоты и порядка, Машины и оборудование",1,0,0.0
unsafe_condition,"Проскальзывание / Спотыкание / Падение, Работы на высоте / Строительные леса, Земляные работы",1,0,0.0
unsafe_condition,"Проскальзывание / Спотыкание / Падение, Работы на высоте / Строительные леса, Целостность объекта / Оборудования",1,0,0.0
unsafe_condition,"Проскальзывание / Спотыкание / Падение, Рабочее место / Эргономика, Знаки безопасности / Предупредительные таблички",1,0,0.0
unsafe_condition,"Проскальзывание / Спотыкание / Падение, СИЗ / Средства по обеспечению безопасности",1,0,0.0
unsafe_condition,"Проскальзывание / Спотыкание / Падение, Сварка / Шлифовка / Отжиг",1,0,0.0
unsafe_condition,"Проскальзывание / Спотыкание / Падение, Трубопроводы / Подземные коммуникации",1,0,0.0
unsafe_condition,"Проскальзывание / Спотыкание / Падение, Целостность объекта / Оборудования, Монтажные и грузоподъемные работы, Падающие предметы, Работы на высоте / Строительные леса, Опасные природные явления / Погодные условия",1,0,0.0
unsafe_condition,"Проскальзывание / Спотыкание / Падение, Целостность объекта / Оборудования, Падающие предметы",1,0,0.0
unsafe_condition,"Проскальзывание / Спотыкание / Падение, Целостность объекта / Оборудования, Трубопроводы / Подземные коммуникации",1,0,0.0
unsafe_condition,"Работы в замкнутом пространстве, Знаки безопасности / Предупредительные таблички",1,0,0.0
unsafe_condition,"Работы в замкнутом пространстве, Наряд-допуск / Оценка риска",1,0,0.0
unsafe_condition,"Работы в замкнутом пространстве, СИЗ / Средства по обеспечению безопасности, Выполнение требований инструкций",1,0,0.0
unsafe_condition,"Работы на высоте / Строительные леса, Наряд-допуск / Оценка риска, Выполнение требований инструкций",1,0,0.0
unsafe_condition,"Работы на высоте / Строительные леса, Переносное оборудование / Ручные инструменты, Перемещение грузов вручную, Монтажные и грузоподъемные работы, Наряд-допуск / Оценка риска, Выполнение требований инструкций",1,0,0.0
unsafe_condition,"Работы на высоте / Строительные леса, Проскальзывание / Спотыкание / Падение",1,0,0.0
unsafe_condition,"Работы на высоте / Строительные леса, СИЗ / Средства по обеспечению безопасности",1,0,0.0
unsafe_condition,"Работы на высоте / Строительные леса, Целостность объекта / Оборудования, Падающие предметы, Электрооборудование",1,0,0.0
unsafe_condition,"Рабочее место / Эргономика, Взрыво- и пожароопасность, Электрооборудование",1,0,0.0
unsafe_condition,"Рабочее место / Эргономика, Выполнение требований инструкций, Поддержание чистоты и порядка",1,0,0.0
unsafe_condition,"Рабочее место / Эргономика, Земляные работы, Охрана окружающей среды, Поддержание чистоты и порядка",1,0,0.0
unsafe_condition,"Рабочее место / Эргономика, Опасные вещества/сероводород, Электрооборудование",1,0,0.0
unsafe_condition,"Рабочее место / Эргономика, Проскальзывание / Спотыкание / Падение, Падающие предметы",1,0,0.0
unsafe_condition,"Рабочее место / Эргономика, Трубопроводы / Подземные коммуникации",1,0,0.0
unsafe_condition,"Рабочее место / Эргономика, Целостность объекта / Оборудования, Выполнение требований инструкций",1,0,0.0
unsafe_condition,"Рабочее место / Эргономика, Электрооборудование, Аварийное реагирование / Готовность к ЧС",1,0,0.0
unsafe_condition,"СИЗ / Средства по обеспечению безопасности, Взрыво- и пожароопасность, Рабочее место / Эргономика",1,0,0.0
unsafe_condition,"СИЗ / Средства по обеспечению безопасности, Выполнение требований инструкций, Падающие предметы, Монтажные и грузоподъемные работы, Наряд-допуск / Оценка риска",1,0,0.0
unsafe_condition,"СИЗ / Средства по обеспечению безопасности, Монтажные и грузоподъемные работы",1,0,0.0
unsafe_condition,"СИЗ / Средства по обеспечению безопасности, Переносное оборудование / Ручные инструменты, Рабочее место / Эргономика, Машины и оборудование, Проскальзывание / Спотыкание / Падение, Падающие предметы, Монтажные и грузоподъемные работы, Наряд-допуск / Оценка риска",1,0,0.0
unsafe_condition,"СИЗ / Средства по обеспечению безопасности, Поддержание чистоты и порядка, Вывешивание плакатов, Знаки безопасности / Предупредительные таблички",1,0,0.0
unsafe_condition,"СИЗ / Средства по обеспечению безопасности, Поддержание чистоты и порядка, Охрана окружающей среды, Машины и оборудование, Целостность объекта / Оборудования",1,0,0.0
unsafe_condition,"СИЗ / Средства по обеспечению безопасности, Проскальзывание / Спотыкание / Падение",1,0,0.0
unsafe_condition,"СИЗ / Средства по обеспечению безопасности, Рабочее место / Эргономика, Знаки безопасности / Предупредительные таблички, Опасные вещества/сероводород",1,0,0.0
unsafe_condition,"СИЗ / Средства по обеспечению безопасности, Целостность объекта / Оборудования",1,0,0.0
unsafe_condition,"СИЗ / Средства по обеспечению безопасности, Целостность объекта / Оборудования, Выполнение требований инструкций",1,0,0.0
unsafe_condition,"СИЗ / Средства по обеспечению безопасности, Целостность объекта / Оборудования, Падающие предметы, Переносное оборудование / Ручные инструменты, Поддержание чистоты и порядка, Рабочее место / Эргономика, Машины и оборудование, Знаки безопасности / Предупредительные таблички, Вывешивание плакатов",1,0,0.0
unsafe_condition,"Санитарно-бытовые помещения, Выполнение требований инструкций",1,0,0.0
unsafe_condition,"Санитарно-бытовые помещения, Работы в замкнутом пространстве",1,0,0.0
unsafe_condition,"Санитарно-бытовые помещения, Рабочее место / Эргономика, Электрооборудование",1,0,0.0
unsafe_condition,"Сварка / Шлифовка / Отжиг, Взрыво- и пожароопасность, Выполнение требований инструкций",1,0,0.0
unsafe_condition,"Сварка / Шлифовка / Отжиг, Знаки безопасности / Предупредительные таблички, Взрыво- и пожароопасность, Земляные работы, СИЗ / Средства по обеспечению безопасности, Наряд-допуск / Оценка риска",1,0,0.0
unsafe_condition,"Сварка / Шлифовка / Отжиг, Переносное оборудование / Ручные инструменты, Выполнение требований инструкций",1,0,0.0
unsafe_condition,"Сварка / Шлифовка / Отжиг, Поддержание чистоты и порядка",1,0,0.0
unsafe_condition,"Сварка / Шлифовка / Отжиг, Поддержание чистоты и порядка, Выполнение требований инструкций",1,0,0.0
unsafe_condition,"Сварка / Шлифовка / Отжиг, Рабочее место / Эргономика",1,0,0.0
unsafe_condition,"Сварка / Шлифовка / Отжиг, СИЗ / Средства по обеспечению безопасности",1,0,0.0
unsafe_condition,"Сварка / Шлифовка / Отжиг, Трубопроводы / Подземные коммуникации",1,0,0.0
unsafe_condition,"Сварка / Шлифовка / Отжиг, Трубопроводы / Подземные коммуникации, Падающие предметы",1,0,0.0
unsafe_condition,"Сварка / Шлифовка / Отжиг, Целостность объекта / Оборудования",1,0,0.0
unsafe_condition,"Транспортировка, Монтажные и грузоподъемные работы, Перемещение грузов вручную, Машины и оборудование, Наряд-допуск / Оценка риска, Выполнение требований инструкций",1,0,0.0
unsafe_condition,"Транспортировка, Опасные природные явления / Погодные условия, Машины и оборудование, Вождение",1,0,0.0
unsafe_condition,"Транспортировка, Переносное оборудование / Ручные инструменты",1,0,0.0
unsafe_condition,"Транспортировка, Переносное оборудование / Ручные инструменты, Поддержание чистоты и порядка, Охрана окружающей среды, Перемещение грузов вручную, Наряд-допуск / Оценка риска, Выполнение требований инструкций",1,0,0.0
unsafe_condition,"Транспортировка, Целостность объекта / Оборудования",1,0,0.0
unsafe_condition,"Трубопроводы / Подземные коммуникации, Вывешивание плакатов, Выполнение требований инструкций, Сварка / Шлифовка / Отжиг, СИЗ / Средства по обеспечению безопасности, Переносное оборудование / Ручные инструменты, Земляные работы",1,0,0.0
unsafe_condition,"Трубопроводы / Подземные коммуникации, Выполнение требований инструкций",1,0,0.0
unsafe_condition,"Трубопроводы / Подземные коммуникации, Выполнение требований инструкций, Знаки безопасности / Предупредительные таблички, Проскальзывание / Спотыкание / Падение",1,0,0.0
unsafe_condition,"Трубопроводы / Подземные коммуникации, Охрана окружающей среды",1,0,0.0
unsafe_condition,"Трубопроводы / Подземные коммуникации, Поддержание чистоты и порядка",1,0,0.0
unsafe_condition,"Трубопроводы / Подземные коммуникации, Поддержание чистоты и порядка, Охрана окружающей среды",1,0,0.0
unsafe_condition,"Трубопроводы / Подземные коммуникации, Поддержание чистоты и порядка, Охрана окружающей среды, Выполнение требований инструкций, Опасные вещества/сероводород",1,0,0.0
unsafe_condition,"Трубопроводы / Подземные коммуникации, Поддержание чистоты и порядка, Проскальзывание / Спотыкание / Падение",1,0,0.0
unsafe_condition,"Трубопроводы / Подземные коммуникации, Поддержание чистоты и порядка, Целостность объекта / Оборудования",1,0,0.0
unsafe_condition,"Трубопроводы / Подземные коммуникации, Электрооборудование",1,0,0.0
unsafe_condition,"Целостность объекта / Оборудования, Выполнение требований инструкций, Машины и оборудование",1,0,0.0
unsafe_condition,"Целостность объекта / Оборудования, Знаки безопасности / Предупредительные таблички, Поддержание чистоты и порядка, Охрана окружающей среды, Выполнение требований инструкций, СИЗ / Средства по обеспечению безопасности, Переносное оборудование / Ручные инструменты, Рабочее место / Эргономика",1,0,0.0
unsafe_condition,"Целостность объекта / Оборудования, Испытание под давлением, Машины и оборудование, Охрана окружающей среды",1,0,0.0
unsafe_condition,"Целостность объекта / Оборудования, Испытание под давлением, Наряд-допуск / Оценка риска, Опасные вещества/сероводород",1,0,0.0
unsafe_condition,"Целостность объекта / Оборудования, Наряд-допуск / Оценка риска, Рабочее место / Эргономика",1,0,0.0
unsafe_condition,"Целостность объекта / Оборудования, Опасные вещества/сероводород",1,0,0.0
unsafe_condition,"Целостность объекта / Оборудования, Охрана окружающей среды, Взрыво- и пожароопасность",1,0,0.0
unsafe_condition,"Целостность объекта / Оборудования, Падающие предметы, Опасные природные явления / Погодные условия",1,0,0.0
unsafe_condition,"Целостность объекта / Оборудования, Поддержание чистоты и порядка",1,0,0.0
unsafe_condition,"Целостность объекта / Оборудования, Работы на высоте / Строительные леса",1,0,0.0
unsafe_condition,"Целостность объекта / Оборудования, Санитарно-бытовые помещения",1,0,0.0
unsafe_condition,"Целостность объекта / Оборудования, Санитарно-бытовые помещения, Рабочее место / Эргономика",1,0,0.0
unsafe_condition,"Целостность объекта / Оборудования, Трубопроводы / Подземные коммуникации, Поддержание чистоты и порядка",1,0,0.0
unsafe_condition,"Целостность объекта / Оборудования, Трубопроводы / Подземные коммуникации, Санитарно-бытовые помещения",1,0,0.0
unsafe_condition,"Электрооборудование, Взрыво- и пожароопасность, Рабочее место / Эргономика",1,0,0.0
unsafe_condition,"Электрооборудование, Выполнение требований инструкций, Рабочее место / Эргономика",1,0,0.0
unsafe_condition,"Электрооборудование, Выполнение требований инструкций, Санитарно-бытовые помещения",1,0,0.0
unsafe_condition,"Электрооборудование, Знаки безопасности / Предупредительные таблички",1,0,0.0
unsafe_condition,"Электрооборудование, Испытание под давлением",1,0,0.0
unsafe_condition,"Электрооборудование, Испытание под давлением, Падающие предметы",1,0,0.0
unsafe_condition,"Электрооборудование, Наряд-допуск / Оценка риска, Падающие предметы, Вывешивание плакатов, Работы на высоте / Строительные леса",1,0,0.0
unsafe_condition,"Электрооборудование, Падающие предметы, Целостность объекта / Оборудования",1,0,0.0
unsafe_condition,"Электрооборудование, Проскальзывание / Спотыкание / Падение",1,0,0.0
unsafe_condition,"Электрооборудование, Проскальзывание / Спотыкание / Падение, Целостность объекта / Оборудования, Наряд-допуск / Оценка риска",1,0,0.0
unsafe_condition,"Электрооборудование, Рабочее место / Эргономика, Взрыво- и пожароопасность",1,0,0.0
unsafe_condition,"Электрооборудование, Целостность объекта / Оборудования, Наряд-допуск / Оценка риска",1,0,0.0
unsafe_condition,"Электрооборудование, Целостность объекта / Оборудования, Рабочее место / Эргономика",1,0,0.0
